year,transect,point,lattitude,longitude,date,substrate,myrspi,cerdem,myrspi_observation,cerdem_observation,dfs,depth
2008,6,1,41.57054,-73.48871,9/4/08,Silt,5,0,extremely abundant,not present,70,3
2008,6,1,41.5146,-73.45345,9/5/08,Gravel,0,0,not present,not present,80,5.2
2008,6,1,41.51395,-73.45339,9/5/08,Sand,2,0,uncommon,not present,10,1.2
2008,6,1,41.50205,-73.45222,9/5/08,Sand,3,2,common,uncommon,60,3.8
2008,6,1,41.42727,-73.44988,9/4/08,Gravel,3,0,common,not present,60,2
2008,6,1,41.57152,-73.4432,9/12/08,Sand,4,0,abundant,not present,40,4
2008,6,2,41.57066,-73.48865,9/4/08,Silt,5,0,extremely abundant,not present,60,3
2008,6,2,41.57112,-73.48838,9/4/08,Peat,2,0,uncommon,not present,5,0.5
2008,6,2,41.42421,-73.45277,9/4/08,Silt,3,3,common,common,50,0
2008,6,2,41.50221,-73.45249,9/5/08,Sand,0,0,not present,not present,80,5.5
2008,6,2,41.42738,-73.44985,9/4/08,Gravel,2,0,uncommon,not present,50,1.5
2008,6,2,41.42755,-73.44926,9/4/08,Gravel,0,0,not present,not present,0,0.2
2008,6,3,41.57045,-73.48869,9/4/08,Silt,5,0,extremely abundant,not present,80,3.1
2008,6,3,41.57099,-73.48843,9/4/08,Silt,3,0,common,not present,20,1.2
2008,6,3,41.42414,-73.4527,9/4/08,Silt,3,3,common,common,40,1.6
2008,6,3,41.42389,-73.45256,9/4/08,Sand,3,3,common,common,10,1
2008,6,3,41.42719,-73.45009,9/4/08,Gravel,3,3,common,common,80,3
2008,6,3,41.57147,-73.44336,9/12/08,Sand,1,2,rare,uncommon,50,5
2008,6,4,41.57085,-73.48861,9/4/08,Silt,0,0,not present,not present,40,2.2
2008,6,4,41.57116,-73.48834,9/4/08,Peat,2,3,uncommon,common,1,0.3
2008,6,4,41.5145,-73.45341,9/5/08,Sand,1,0,rare,not present,70,4.3
2008,6,4,41.4238,-73.45253,9/4/08,Sand,2,2,uncommon,uncommon,1,0.2
2008,6,4,41.42723,-73.44999,9/4/08,Sand,3,0,common,not present,70,1.6
2008,6,4,41.57149,-73.44359,9/12/08,Sand,0,0,not present,not present,70,6.8
2008,6,5,41.57076,-73.48857,9/4/08,Silt,3,0,common,not present,50,3
2008,6,5,41.57106,-73.4884,9/4/08,Gravel,3,1,common,rare,10,1.5
2008,6,5,41.5144,-73.45338,9/5/08,Sand,3,0,common,not present,60,2.8
2008,6,5,41.42384,-73.45252,9/4/08,Sand,2,3,uncommon,common,0,0.5
2008,6,5,41.50217,-73.45151,9/5/08,Sand,0,0,not present,not present,1,0.1
2008,6,5,41.57139,-73.44345,9/12/08,Sand,0,0,not present,not present,60,5.6
2008,6,6,41.57092,-73.48852,9/4/08,Silt,3,0,common,not present,30,2
2008,6,6,41.51405,-73.45344,9/5/08,Sand,0,0,not present,not present,20,1.6
2008,6,6,41.42445,-73.45293,9/4/08,Silt,3,3,common,common,80,1.8
2008,6,6,41.50212,-73.45236,9/5/08,Sand,2,1,uncommon,rare,70,5
2008,6,6,41.50221,-73.45163,9/5/08,Sand,2,0,uncommon,not present,10,1.2
2008,6,6,41.57138,-73.44369,9/12/08,Sand,0,0,not present,not present,80,7
2008,6,7,41.51412,-73.45343,9/5/08,Gravel,4,0,abundant,not present,30,1.6
2008,6,7,41.42439,-73.45284,9/4/08,Silt,2,2,uncommon,uncommon,70,1.8
2008,6,7,41.42397,-73.45259,9/4/08,Silt,3,3,common,common,20,1.5
2008,6,7,41.50217,-73.45158,9/5/08,Sand,2,0,uncommon,not present,5,1
2008,6,7,41.42751,-73.44949,9/4/08,Sand,0,3,not present,common,20,2.5
2008,6,8,41.51431,-73.45342,9/5/08,Sand,2,0,uncommon,not present,0,2.6
2008,6,8,41.4243,-73.45279,9/4/08,Silt,3,2,common,uncommon,60,2
2008,6,8,41.5021,-73.45214,9/5/08,Sand,4,0,abundant,not present,50,3.5
2008,6,8,41.42755,-73.44932,9/4/08,Sand,4,2,abundant,uncommon,1,1
2008,6,9,41.51386,-73.45343,9/5/08,Peat,2,0,uncommon,not present,1,0.2
2008,6,9,41.51422,-73.45341,9/5/08,Sand,2,0,uncommon,not present,40,2.5
2008,6,9,41.50212,-73.45187,9/5/08,Sand,5,2,extremely abundant,uncommon,30,2.8
2008,6,9,41.42743,-73.44971,9/4/08,Gravel,2,0,uncommon,not present,40,1.5
2008,6,9,41.42748,-73.44959,9/4/08,Silt,2,3,uncommon,common,30,3
2008,6,10,41.51392,-73.45341,9/5/08,Sand,2,1,uncommon,rare,5,0.6
2008,6,10,41.42406,-73.45267,9/4/08,Sand,3,2,common,uncommon,30,1.5
2008,6,10,41.50217,-73.45198,9/5/08,Sand,4,0,abundant,not present,40,0
2008,6,10,41.50217,-73.45175,9/5/08,Sand,2,0,uncommon,not present,20,1.5
2008,6,10,41.42751,-73.44937,9/4/08,Silt,2,3,uncommon,common,10,2.5
2010,7,1,41.57054,-73.4887,10/1/10,Silt,0,0,not present,not present,80,3.2
2009,7,1,41.57086,-73.4886,8/31/09,Sand,0,0,not present,not present,300,2.7
2009,7,1,41.51433,-73.45357,8/27/09,Sand,4,0,abundant,not present,50,3.2
2009,7,1,41.442414,-73.4528,8/27/09,Sand,3,0,common,not present,40,2.1
2009,7,1,41.50213,-73.45193,8/27/09,Sand,4,2,abundant,uncommon,40,2.9
2009,7,1,41.50219,-73.45186,8/27/09,Sand,3,0,common,not present,30,2.1
2009,7,1,41.42742,-73.44964,8/27/09,Sand,4,2,abundant,uncommon,40,2.9
2008,7,1,41.57148,-73.4431,9/12/08,Sand,5,0,extremely abundant,not present,30,3.2
2009,7,1,41.57191,-73.44287,8/23/09,Sand,3,0,common,not present,10,1.1
2009,7,1,41.51242,-73.44116,8/31/09,ND,4,0,abundant,not present,60,0
2008,7,1,41.4703,-73.43523,9/4/08,Sand,2,0,uncommon,not present,5,1
2009,7,1,41.47023,-73.43509,8/27/09,ND,0,0,not present,not present,20,0
2008,7,1,41.48039,-73.4347,9/12/08,Sand,3,0,common,not present,10,1
2009,7,1,41.47026,-73.43447,8/27/09,ND,0,0,not present,not present,70,0
2008,7,1,41.44718,-73.4296,9/12/08,Sand,2,2,uncommon,uncommon,30,1.2
2010,7,2,41.57064,-73.48871,9/30/10,Silt,2,0,uncommon,not present,70,3
2009,7,2,41.57077,-73.48866,8/31/09,Sand,3,0,common,not present,50,3.1
2009,7,2,41.51443,-73.45358,8/27/09,ND,0,0,not present,not present,60,0
2009,7,2,41.42422,-73.45283,8/27/09,Sand,4,0,abundant,not present,50,2.2
2009,7,2,41.5021,-73.45208,8/27/09,ND,4,0,abundant,not present,50,0
2009,7,2,41.42736,-73.44974,8/27/09,Sand,1,0,rare,not present,50,1.8
2009,7,2,41.57191,-73.44312,8/24/09,Sand,3,0,common,not present,20,2.1
2008,7,2,41.57145,-73.44297,9/12/08,Sand,5,0,extremely abundant,not present,20,2.5
2009,7,2,41.51231,-73.44116,8/31/09,ND,2,0,uncommon,not present,70,0
2008,7,2,41.47028,-73.43531,9/4/08,Gravel,0,0,not present,not present,0,0.2
2009,7,2,41.48035,-73.4352,9/7/09,Sand,0,0,not present,not present,50,2.5
2008,7,2,41.47046,-73.43478,9/4/08,Silt,0,0,not present,not present,50,9
2009,7,2,41.47029,-73.43457,8/27/09,ND,0,0,not present,not present,60,0
2008,7,2,41.44718,-73.42974,9/12/08,Sand,2,2,uncommon,uncommon,20,1.5
2009,7,3,41.5707,-73.48873,8/31/09,Sand,0,0,not present,not present,60,3.4
2009,7,3,41.51389,-73.45361,8/27/09,Sand,0,0,not present,not present,0,0.1
2009,7,3,41.42432,-73.45288,8/27/09,Sand,4,0,abundant,not present,60,2.2
2009,7,3,41.502,-73.45217,8/27/09,ND,5,0,extremely abundant,not present,60,0
2009,7,3,41.42734,-73.44988,8/27/09,Sand,4,0,abundant,not present,60,3.1
2009,7,3,41.57148,-73.44312,8/25/09,Sand,4,0,abundant,not present,30,3.2
2008,7,3,41.57151,-73.44281,9/12/08,Gravel,2,1,uncommon,rare,5,1
2009,7,3,41.51289,-73.44119,8/31/09,Sand,0,0,not present,not present,10,1.9
2008,7,3,41.48036,-73.43532,9/12/08,Sand,4,0,abundant,not present,60,2.3
2009,7,3,41.47022,-73.4352,8/27/09,Sand,2,2,uncommon,uncommon,10,2
2008,7,3,41.47032,-73.43481,9/4/08,Silt,0,0,not present,not present,40,8
2009,7,3,41.48045,-73.43461,9/1/09,Sand,1,0,rare,not present,0,0.2
2008,7,3,41.44714,-73.42984,9/12/08,Sand,4,2,abundant,uncommon,10,0.8
2009,7,3,41.44743,-73.42958,8/27/09,Muck,NA,NA,NA,NA,50,0.5
2009,7,4,41.57063,-73.48878,8/31/09,Sand,2,0,uncommon,not present,70,3.5
2009,7,4,41.51453,-73.45362,8/27/09,ND,0,0,not present,not present,70,0
2009,7,4,41.42437,-73.45293,8/27/09,Sand,3,0,common,not present,70,2.3
2009,7,4,41.50192,-73.45231,8/27/09,ND,5,0,extremely abundant,not present,70,0
2009,7,4,41.4276,-73.449925,8/27/09,ND,0,0,not present,not present,0,0
2009,7,4,41.47148,-73.443273,8/26/09,ND,0,0,not present,not present,40,0
2008,7,4,41.57148,-73.44285,9/12/08,Gravel,2,0,uncommon,not present,10,1.8
2009,7,4,41.51258,-73.44119,8/31/09,Sand,2,0,uncommon,not present,40,2.1
2008,7,4,41.48021,-73.43542,9/12/08,Sand,3,3,common,common,70,1.8
2009,7,4,41.47023,-73.43527,8/27/09,Sand,0,0,not present,not present,5,0.3
2008,7,4,41.4804,-73.43486,9/12/08,Sand,4,1,abundant,rare,20,1.8
2009,7,4,41.46044,-73.43468,9/2/09,Sand,3,0,common,not present,5,0.8
2008,7,4,41.44713,-73.42991,9/12/08,Sand,4,2,abundant,uncommon,5,0.5
2009,7,4,41.44733,-73.42962,8/27/09,Muck,2,0,uncommon,not present,40,1
2009,7,5,41.5146,-73.45375,8/27/09,ND,0,0,not present,not present,80,0
2009,7,5,41.42448,-73.45295,8/27/09,Sand,3,0,common,not present,80,2.3
2009,7,5,41.50223,-73.45236,8/27/09,ND,5,0,extremely abundant,not present,80,0
2009,7,5,41.42726,-73.4501,8/27/09,Sand,4,0,abundant,not present,80,3.2
2009,7,5,41.42728,-73.44993,8/27/09,Sand,4,0,abundant,not present,70,3.1
2009,7,5,41.47148,-73.44347,8/28/09,ND,0,0,not present,not present,60,0
2008,7,5,41.57151,-73.44274,9/12/08,Rock,0,0,not present,not present,0,0.2
2009,7,5,41.51292,-73.4412,8/31/09,Sand,0,0,not present,not present,5,0.8
2008,7,5,41.48018,-73.43555,9/12/08,Sand,3,2,common,uncommon,80,1.25
2009,7,5,41.48025,-73.4353,9/8/09,Sand,0,0,not present,not present,60,2.5
2008,7,5,41.47031,-73.43496,9/4/08,Silt,0,0,not present,not present,30,7
2009,7,5,41.44043,-73.43474,9/3/09,Sand,2,0,uncommon,not present,10,1
2009,7,5,41.47026,-73.43469,8/27/09,ND,0,0,not present,not present,50,0
2008,7,5,41.44711,-73.42995,9/12/08,Sand,2,0,uncommon,not present,1,0.2
2009,7,5,41.44725,-73.42969,8/27/09,Muck,2,0,uncommon,not present,30,1.5
2009,7,6,41.57117,-73.48831,8/31/09,Sand,2,0,uncommon,not present,0,0.5
2009,7,6,41.51424,-73.45351,8/27/09,Sand,3,0,common,not present,40,2.5
2009,7,6,41.42379,-73.45264,8/27/09,Muck,0,0,not present,not present,0,0.2
2009,7,6,41.57134,-73.4437,8/30/09,ND,0,0,not present,not present,80,0
2009,7,6,41.5714,-73.44361,8/29/09,ND,0,0,not present,not present,70,0
2008,7,6,41.51224,-73.44135,9/12/08,Sand,4,0,abundant,not present,80,3
2009,7,6,41.51277,-73.4412,8/31/09,Sand,1,0,rare,not present,20,1
2008,7,6,41.51278,-73.44118,9/12/08,Gravel,0,0,not present,not present,20,1
2009,7,6,41.4702,-73.43532,8/27/09,Sand,0,0,not present,not present,0,0
2008,7,6,41.48037,-73.43497,9/12/08,Sand,5,1,extremely abundant,rare,30,2
2009,7,6,41.47027,-73.43482,8/27/09,ND,0,0,not present,not present,40,0
2008,7,6,41.47057,-73.43444,9/4/08,Silt,0,0,not present,not present,80,9
2009,7,6,41.4472,-73.42978,8/27/09,Muck,2,2,uncommon,uncommon,20,1.2
2009,7,7,41.57115,-73.48836,8/31/09,Sand,2,0,uncommon,not present,5,1.5
2009,7,7,41.51404,-73.45352,8/27/09,Sand,3,0,common,not present,20,1.9
2009,7,7,41.42388,-73.45266,8/27/09,Muck,3,3,common,common,10,0.9
2009,7,7,41.5021,-73.45175,8/27/09,Sand,3,0,common,not present,20,2
2009,7,7,41.42756,-73.44928,8/27/09,Sand,3,0,common,not present,5,0.5
2009,7,7,41.5715145,-73.44432,8/27/09,ND,0,0,not present,not present,50,0
2008,7,7,41.51285,-73.44127,9/12/08,Sand,0,0,not present,not present,10,0.8
2009,7,7,41.51297,-73.44122,8/31/09,Sand,0,0,not present,not present,0,0.3
2008,7,7,41.51252,-73.44119,9/12/08,Sand,4,0,abundant,not present,50,2.1
2009,7,7,41.4802,-73.43539,9/9/09,Sand,0,0,not present,not present,70,2.1
2008,7,7,41.47028,-73.43518,9/4/08,Sand,4,0,abundant,not present,10,2.2
2009,7,7,41.48039,-73.43486,9/4/09,Sand,1,3,rare,common,20,1.9
2008,7,7,41.47046,-73.4345,9/4/08,Silt,0,0,not present,not present,70,9
2009,7,7,41.44713,-73.42986,8/27/09,Muck,3,0,common,not present,10,0.5
2009,7,8,41.57111,-73.4884,8/31/09,Sand,2,0,uncommon,not present,10,1
2009,7,8,41.51416,-73.45354,8/27/09,Sand,4,0,abundant,not present,30,2
2009,7,8,41.42384,-73.45266,8/27/09,Muck,1,0,rare,not present,5,0.4
2009,7,8,41.50223,-73.45148,8/27/09,Sand,0,0,not present,not present,0,0
2009,7,8,41.42753,-73.44929,8/27/09,Sand,3,4,common,abundant,10,2.1
2008,7,8,41.5129,-73.44125,9/12/08,Sand,0,0,not present,not present,5,0.5
2009,7,8,41.51222,-73.44123,8/31/09,ND,4,0,abundant,not present,80,0
2008,7,8,41.51262,-73.4412,9/12/08,Sand,4,0,abundant,not present,40,1.8
2009,7,8,41.48017,-73.43551,9/10/09,Sand,2,0,uncommon,not present,80,2
2008,7,8,41.48032,-73.43507,9/12/08,Sand,5,1,extremely abundant,rare,40,2.2
2009,7,8,41.47026,-73.43494,8/27/09,ND,0,0,not present,not present,30,0
2008,7,8,41.47034,-73.43459,9/4/08,Silt,0,0,not present,not present,60,9
2009,7,8,41.4471,-73.42991,8/27/09,Muck,3,2,common,uncommon,5,0.5
2008,7,8,41.44726,-73.42947,9/12/08,Sand,2,0,uncommon,not present,43,0.3
2009,7,9,41.57101,-73.48847,8/31/09,Sand,3,0,common,not present,20,1.5
2009,7,9,41.51396,-73.45355,8/27/09,Sand,2,0,uncommon,not present,10,1
2009,7,9,41.42407,-73.45273,8/27/09,Sand,4,3,abundant,common,30,2
2009,7,9,41.50225,-73.45155,8/27/09,Sand,2,0,uncommon,not present,5,1
2009,7,9,41.42747,-73.4494,8/27/09,Sand,0,3,not present,common,20,3.2
2009,7,9,41.57151,-73.44274,8/21/09,Sand,0,0,not present,not present,0,0.1
2008,7,9,41.51268,-73.44123,9/12/08,Gravel,0,0,not present,not present,30,1
2008,7,9,41.51237,-73.44121,9/12/08,Gravel,4,0,abundant,not present,70,3
2009,7,9,41.5125,-73.44114,8/31/09,ND,4,0,abundant,not present,50,0
2008,7,9,41.47027,-73.43508,9/4/08,Silt,3,0,common,not present,20,3
2009,7,9,41.48038,-73.434968,9/5/09,Sand,0,0,not present,not present,30,2
2008,7,9,41.48042,-73.43463,9/12/08,Sand,2,0,uncommon,not present,0,0.2
2009,7,9,41.44706,-73.42996,8/27/09,Sand,2,0,uncommon,not present,0,0.1
2008,7,9,41.44724,-73.4295,9/12/08,Sand,5,0,extremely abundant,not present,40,0.5
2009,7,10,41.57055,-73.48884,8/31/09,ND,0,0,not present,not present,80,0
2009,7,10,41.57094,-73.48851,8/31/09,Sand,2,0,uncommon,not present,30,2.2
2009,7,10,41.51392,-73.45356,8/27/09,Sand,1,0,rare,not present,5,0.5
2009,7,10,41.42396,-73.45273,8/27/09,Sand,4,0,abundant,not present,20,1.8
2009,7,10,41.50223,-73.45162,8/27/09,Sand,2,0,uncommon,not present,10,1
2009,7,10,41.42746,-73.44954,8/27/09,Sand,3,5,common,extremely abundant,30,3.5
2009,7,10,41.57151,-73.44279,8/22/09,Sand,2,0,uncommon,not present,5,0.8
2008,7,10,41.5124,-73.44122,9/12/08,Sand,4,0,abundant,not present,60,2.96
2008,7,10,41.51294,-73.44122,9/12/08,Gravel,0,0,not present,not present,1,0.3
2009,7,10,41.51271,-73.44115,8/31/09,Sand,3,0,common,not present,30,2.2
2008,7,10,41.48035,-73.43518,9/12/08,Sand,4,0,abundant,not present,50,2.5
2009,7,10,41.48034,-73.43508,9/6/09,Sand,0,0,not present,not present,40,2.5
2008,7,10,41.4804,-73.43465,9/12/08,Sand,2,0,uncommon,not present,5,0.8
2009,7,10,41.47021,-73.43432,8/27/09,ND,0,0,not present,not present,80,0
2011,8,1,41.57065,-73.4886,8/25/11,Muck,2,3,uncommon,common,70,4.4
2010,8,1,41.5146,-73.45341,10/21/10,Silt,0,0,not present,not present,80,5
2011,8,1,41.51395,-73.45332,9/22/11,Muck,5,0,extremely abundant,not present,10,1.1
2011,8,1,41.51441,-73.45329,9/27/11,Muck,2,0,uncommon,not present,60,3
2010,8,1,41.42427,-73.45277,8/29/10,Sand,4,4,abundant,abundant,50,1.8
2010,8,1,41.50224,-73.45212,10/8/10,Sand,4,0,abundant,not present,50,3.1
2011,8,1,41.50248,-73.45205,9/17/11,Sand,3,0,common,not present,60,3
2011,8,1,41.50235,-73.45172,9/14/11,Sand,3,0,common,not present,30,1.4
2011,8,1,41.42715,-73.44995,9/13/11,Muck,3,1,common,rare,80,3.3
2010,8,1,41.5718,-73.44366,10/31/10,Silt,0,0,not present,not present,80,12
2010,8,1,41.57154,-73.44313,10/26/10,Muck,4,0,abundant,not present,30,3.2
2010,8,1,41.51239,-73.44115,11/8/10,Silt,0,0,not present,not present,60,5
2010,8,1,41.48045,-73.4349,11/14/10,Muck,5,0,extremely abundant,not present,20,1.6
2010,8,1,41.4805,-73.43472,11/12/10,Sand,3,0,common,not present,5,0.8
2011,8,2,41.57052,-73.48864,8/25/11,Muck,0,1,not present,rare,80,4.4
2010,8,2,41.57079,-73.48861,9/28/10,Silt,4,0,abundant,not present,50,2.2
2010,8,2,41.51403,-73.45343,10/15/10,Muck,3,0,common,not present,20,1.3
2011,8,2,41.51458,-73.45335,9/29/11,Muck,0,0,not present,not present,80,5.5
2011,8,2,41.51386,-73.45329,9/20/11,Organic,2,0,uncommon,not present,5,0.5
2010,8,2,41.4241,-73.45266,8/27/10,Sand,3,3,common,common,30,1.5
2011,8,2,41.42379,-73.45249,9/13/11,Muck,3,2,common,uncommon,5,0.5
2010,8,2,41.5021,-73.4515,10/2/10,Sand,0,0,not present,not present,0,0.1
2011,8,2,41.50215,-73.45147,9/13/11,Sand,2,0,uncommon,not present,5,0.5
2010,8,2,41.57172,-73.44356,10/30/10,Silt,0,0,not present,not present,70,9
2010,8,2,41.57148,-73.44276,10/22/10,Silt,0,0,not present,not present,0,0.2
2010,8,2,41.48027,-73.43547,11/19/10,Silt,5,0,extremely abundant,not present,70,1.5
2010,8,2,41.47028,-73.43495,9/16/10,Sand,4,0,abundant,not present,30,9
2010,8,2,41.4471,-73.42975,11/22/10,Muck,3,1,common,rare,5,0.5
2010,8,3,41.57086,-73.48854,9/27/10,Silt,3,0,common,not present,40,1.9
2011,8,3,41.57082,-73.48854,8/25/11,Muck,3,2,common,uncommon,50,2.3
2010,8,3,41.51411,-73.45344,10/16/10,Muck,5,0,extremely abundant,not present,30,1.8
2011,8,3,41.51452,-73.45332,9/28/11,Muck,0,0,not present,not present,70,4.7
2011,8,3,41.42448,-73.45284,99/13/2011,Muck,4,2,abundant,uncommon,80,1.4
2010,8,3,41.42394,-73.45259,8/25/10,Silt,3,3,common,common,10,1
2011,8,3,41.42387,-73.45252,9/13/11,Muck,5,5,extremely abundant,extremely abundant,10,0.75
2010,8,3,41.50221,-73.4522,10/9/10,Sand,0,1,not present,rare,60,4
2011,8,3,41.4272,-73.44987,9/13/11,Sand,3,2,common,uncommon,70,1.2
2010,8,3,41.4276,-73.44935,9/3/10,Gravel,3,3,common,common,5,1.6
2010,8,3,41.51282,-73.44119,11/3/10,Sand,4,0,abundant,not present,10,1.8
2010,8,3,41.51228,-73.44111,11/9/10,Silt,0,0,not present,not present,70,6
2010,8,3,41.47023,-73.43516,9/14/10,Sand,1,0,rare,not present,10,2
2010,8,3,41.44704,-73.42978,11/21/10,Muck,3,3,common,common,0,0.1
2010,8,4,41.57072,-73.48867,9/29/10,Silt,3,0,common,not present,60,3
2011,8,4,41.57068,-73.4885,8/25/11,Muck,0,4,not present,abundant,60,2.9
2010,8,4,41.57099,-73.48845,9/26/10,Muck,5,0,extremely abundant,not present,30,1.2
2011,8,4,41.51415,-73.45332,9/24/11,Muck,5,0,extremely abundant,not present,30,1.8
2010,8,4,41.42443,-73.45292,8/31/10,Silt,2,3,uncommon,common,70,2
2010,8,4,41.42418,-73.45273,8/28/10,Sand,0,3,not present,common,40,1.8
2011,8,4,41.42431,-73.45271,9/13/11,Muck,3,3,common,common,0,2.2
2011,8,4,41.50249,-73.45212,9/18/11,Sand,4,0,abundant,not present,70,3.5
2010,8,4,41.50213,-73.45184,10/6/10,Sand,5,0,extremely abundant,not present,30,2.1
2011,8,4,41.50233,-73.4518,9/15/11,Sand,5,0,extremely abundant,not present,40,2.1
2011,8,4,41.4273,-73.44962,9/13/11,Muck,5,2,extremely abundant,uncommon,50,2.5
2010,8,4,41.42757,-73.44941,9/4/10,Silt,2,3,uncommon,common,10,2.1
2010,8,4,41.57152,-73.44285,10/23/10,Gravel,3,0,common,not present,5,1
2010,8,4,41.51253,-73.44115,11/6/10,Sand,4,0,abundant,not present,40,3
2010,8,4,41.48045,-73.435,11/16/10,Silt,4,0,abundant,not present,30,1.9
2010,8,4,41.44712,-73.42973,11/23/10,Sand,0,0,not present,not present,10,0.8
2011,8,5,41.5709,-73.4885,8/25/11,Muck,2,2,uncommon,uncommon,40,2.2
2010,8,5,41.571040000000004,-73.48841,9/25/10,Muck,2,0,uncommon,not present,20,1
2011,8,5,41.57124,-73.48832,8/25/11,Muck,2,2,uncommon,uncommon,2,0.8
2010,8,5,41.51396,-73.45342,10/14/10,Muck,2,0,uncommon,not present,10,0.8
2011,8,5,41.42421,-73.45272,9/13/11,Muck,4,2,abundant,uncommon,50,2.2
2010,8,5,41.50211,-73.45244,10/11/10,Silt,0,0,not present,not present,80,5.2
2010,8,5,41.42722,-73.45009,9/11/10,Silt,3,0,common,not present,80,3
2011,8,5,41.42749,-73.44939,9/13/11,Muck,3,2,common,uncommon,20,3.3
2010,8,5,41.42763,-73.44931,9/2/10,Gravel,3,0,common,not present,1,0.1
2010,8,5,41.51294,-73.44119,11/1/10,Sand,0,0,not present,not present,0,2
2010,8,5,41.51265,-73.44113,11/5/10,Gravel,4,0,abundant,not present,30,1.9
2010,8,5,41.48034,-73.43524,11/17/10,Silt,3,0,common,not present,50,2
2010,8,5,41.47051,-73.4345,9/20/10,Silt,0,0,not present,not present,70,10
2010,8,5,41.47047,-73.43433,9/21/10,Silt,0,0,not present,not present,80,10
2011,8,6,41.57072,-73.48855,0.371215278,Silt,2,0,uncommon,not present,60,2.6
2010,8,6,41.57111,-73.48837,9/24/10,Muck,2,0,uncommon,not present,10,0.8
2010,8,6,41.51386,-73.45337,10/12/10,Muck,3,0,common,not present,0,0.2
2011,8,6,41.51406,-73.45334,9/23/11,Muck,5,0,extremely abundant,not present,20,0.8
2011,8,6,41.42412,-73.45267,9/13/11,Muck,4,2,abundant,uncommon,40,1.2
2010,8,6,41.42403,-73.4526,8/26/10,Sand,2,2,uncommon,uncommon,20,2
2011,8,6,41.50256,-73.45221,9/19/11,Sand,3,0,common,not present,80,4.3
2010,8,6,41.50221,-73.45158,10/3/10,Sand,2,0,uncommon,not present,5,0.8
2010,8,6,41.42743,-73.44959,9/6/10,Silt,2,0,uncommon,not present,30,3
2011,8,6,41.42741,-73.44948,9/13/11,Muck,3,1,common,rare,30,3.6
2010,8,6,41.57151,-73.4434,10/28/10,Silt,0,0,not present,not present,50,5
2010,8,6,41.48026,-73.4359,11/20/10,Sand,2,4,uncommon,abundant,80,1.5
2010,8,6,41.47024,-73.43523,9/13/10,Sand,4,0,abundant,not present,5,0.9
2010,8,7,41.57116,-73.48837,9/23/10,Muck,1,0,rare,not present,5,0.5
2011,8,7,41.57115,-73.48836,8/25/11,Muck,2,0,uncommon,not present,10,1.5
2010,8,7,41.42449,-73.453,9/1/10,Silt,3,2,common,uncommon,80,2
2011,8,7,41.42436,-73.45282,9/13/11,Muck,4,2,abundant,uncommon,70,1.9
2010,8,7,41.50213,-73.45234,10/10/10,Silt,0,0,not present,not present,70,5
2010,8,7,41.50215,-73.45198,10/7/10,Sand,4,0,abundant,not present,40,2.9
2011,8,7,41.50243,-73.45194,9/16/11,Sand,3,0,common,not present,50,1.6
2010,8,7,41.42737,-73.44978,9/8/10,Rock,3,0,common,not present,50,1.3
2011,8,7,41.42738,-73.44962,9/13/11,Muck,3,0,common,not present,40,3.1
2010,8,7,41.57145,-73.44303,10/25/10,Muck,5,0,extremely abundant,not present,20,2.7
2010,8,7,41.51222,-73.44117,11/10/10,Silt,0,0,not present,not present,80,5
2010,8,7,41.48047,-73.43513,11/15/10,Silt,4,0,abundant,not present,40,2
2010,8,7,41.4805,-73.43466,11/11/10,Sand,2,1,uncommon,rare,0,0.1
2010,8,7,41.48048,-73.42479,11/13/10,Muck,3,0,common,not present,10,1
2011,8,8,41.57105,-73.48842,8/25/11,Muck,2,0,uncommon,not present,20,1
2010,8,8,41.57121,-73.48837,9/22/10,Muck,0,1,not present,rare,0,0.1
2010,8,8,41.51429,-73.45342,10/18/10,Muck,4,0,abundant,not present,50,2.1
2011,8,8,41.51423,-73.45331,9/25/11,Muck,4,0,abundant,not present,40,2.3
2010,8,8,41.42385,-73.45252,8/23/10,Sand,0,0,not present,not present,0,0.1
2011,8,8,41.42383,-73.45249,99/13/2011,Muck,4,3,abundant,common,5,0.5
2010,8,8,41.50222,-73.45162,10/4/10,Sand,2,0,uncommon,not present,10,1
2010,8,8,41.42741,-73.44971,9/7/10,Rock,0,0,not present,not present,40,1.3
2011,8,8,41.42721,-73.44971,9/13/11,Muck,2,0,uncommon,not present,60,1.6
2010,8,8,41.57154,-73.44329,10/27/10,Muck,0,0,not present,not present,40,4.1
2010,8,8,41.51276,-73.44118,11/4/10,Gravel,4,0,abundant,not present,20,1.9
2010,8,8,41.4803,-73.43534,11/18/10,Silt,4,0,abundant,not present,60,1.6
2010,8,8,41.47041,-73.4347,9/18/10,Silt,0,0,not present,not present,50,9.8
2010,8,8,41.44718,-73.42963,11/24/10,Sand,2,1,uncommon,rare,20,1
2011,8,9,41.57118,-73.48833,8/25/11,Muck,2,0,uncommon,not present,5,0.8
2010,8,9,41.51449,-73.45346,10/20/10,Silt,0,0,not present,not present,70,4.2
2010,8,9,41.51391,-73.4534,10/13/10,Muck,3,0,common,not present,5,0.4
2011,8,9,41.51391,-73.45331,9/21/11,Muck,5,0,extremely abundant,not present,5,1
2011,8,9,41.42403,-73.45262,9/13/11,Muck,5,2,extremely abundant,uncommon,30,1
2010,8,9,41.4239,-73.45254,8/24/10,Sand,4,1,abundant,rare,5,0.4
2011,8,9,41.250216,-73.45151,9/13/11,Sand,0,0,not present,not present,5,0.5
2010,8,9,41.42721,-73.44995,9/10/10,Sand,2,0,uncommon,not present,70,3
2010,8,9,41.4273,-73.44988,9/9/10,Sand,2,0,uncommon,not present,60,3
2010,8,9,41.57151,-73.44291,10/24/10,Gravel,3,0,common,not present,100,1.5
2010,8,9,41.51248,-73.44118,11/7/10,Gravel,4,0,abundant,not present,50,2.5
2010,8,9,41.4702,-73.43528,9/12/10,Gravel,4,0,abundant,not present,0,0.1
2010,8,9,41.47029,-73.43481,9/17/10,Silt,0,0,not present,not present,40,9.5
2010,8,9,41.44733,-73.4295,11/26/10,Muck,4,2,abundant,uncommon,40,1
2011,8,10,41.57099,-73.48847,8/25/11,Muck,2,0,uncommon,not present,30,1.9
2010,8,10,41.51441,-73.45347,10/19/10,Muck,0,0,not present,not present,60,3.2
2010,8,10,41.51421,-73.45345,10/17/10,Muck,5,0,extremely abundant,not present,40,1.9
2011,8,10,41.51432,-73.45328,9/26/11,Muck,3,0,common,not present,50,2.4
2010,8,10,41.42433,-73.45281,8/30/10,Sand,3,3,common,common,50,1.9
2011,8,10,41.42396,-73.45259,9/13/11,Muck,5,4,extremely abundant,abundant,20,1
2010,8,10,41.50221,-73.45173,10/5/10,Sand,4,0,abundant,not present,20,1.8
2011,8,10,41.5023,-73.45167,9/13/11,Sand,3,0,common,not present,20,1.4
2010,8,10,41.42748,-73.44947,9/5/10,Silt,2,4,uncommon,abundant,20,3.1
2010,8,10,41.57163,-73.44348,10/29/10,Silt,0,0,not present,not present,60,6
2010,8,10,41.51289,-73.44115,11/2/10,Sand,2,0,uncommon,not present,5,1
2010,8,10,41.47025,-73.43504,9/15/10,Sand,2,0,uncommon,not present,20,5
2010,8,10,41.4704,-73.43467,9/19/10,Silt,0,0,not present,not present,60,9.8
2010,8,10,41.44728,-73.42957,11/25/10,Sand,3,3,common,common,30,0.5
2012,9,0,41.5139,-73.46336,8/29/12,Muck,5,0,extremely abundant,not present,5,50
2011,9,0,41.51258,-73.44123,10/15/11,Rock,3,0,common,not present,40,2
2012,9,1,41.5707,-73.4887,8/29/12,Silt,3,2,common,uncommon,60,2
2012,9,1,41.571,-73.48846,8/29/12,Muck,3,0,common,not present,30,160
2012,9,1,41.4244,-73.45277,8/30/12,Muck,4,2,abundant,uncommon,60,2
2012,9,1,41.4243,-73.45272,8/30/12,Muck,4,3,abundant,common,50,2
2012,9,1,41.4273,-73.4499,8/30/12,Gravel,4,2,abundant,uncommon,60,2.5
2011,9,1,41.57142,-73.44352,10/8/11,Silt,0,0,not present,not present,70,6.2
2012,9,1,41.5716,-73.44351,8/29/12,Silt,0,0,not present,not present,60,6
2011,9,1,41.51231,-73.44133,10/18/11,Gravel,3,0,common,not present,70,3
2012,9,1,41.5124,-73.44123,8/29/12,Silt,4,0,abundant,not present,60,2
2011,9,1,41.48027,-73.43552,9/16/11,Muck,3,0,common,not present,80,0.6
2011,9,1,41.47031,-73.43502,9/13/11,Muck,0,0,not present,not present,30,7
2012,9,1,41.4804,-73.43491,8/29/12,Silt,3,0,common,not present,20,1.5
2011,9,1,41.47036,-73.43443,9/13/11,Muck,0,0,not present,not present,80,9.5
2012,9,2,41.5706,-73.48872,8/29/12,Silt,2,0,uncommon,not present,70,2.5
2012,9,2,41.5708,-73.48854,8/29/12,Silt,3,0,common,not present,40,2
2012,9,2,41.4245,-73.45284,8/30/12,Muck,4,2,abundant,uncommon,70,1.6
2012,9,2,41.5022,-73.45227,8/29/12,Silt,0,0,not present,not present,60,5
2012,9,2,41.4272,-73.44995,8/30/12,Silt,4,0,abundant,not present,70,3
2011,9,2,41.42766,-73.44929,9/13/11,Gravel,4,0,abundant,not present,5,0.5
2012,9,2,41.5716,-73.44362,8/29/12,Silt,0,0,not present,not present,70,6.6
2011,9,2,41.57145,-73.4427,9/30/11,Rock,0,0,not present,not present,1,0.3
2012,9,2,41.5126,-73.44124,8/29/12,Sand,4,0,abundant,not present,40,1.5
2011,9,2,41.51293,-73.44117,10/11/11,Gravel,0,0,not present,not present,5,1
2012,9,2,41.4802,-73.43542,8/29/12,Silt,3,0,common,not present,70,1.8
2011,9,2,41.48041,-73.43509,10/25/11,Muck,3,0,common,not present,40,2.5
2012,9,2,41.4703,-73.43492,8/30/12,Silt,0,0,not present,not present,30,8
2011,9,2,41.44706,-73.42997,9/13/11,Muck,0,2,not present,uncommon,50,0.2
2012,9,3,41.5143,-73.4534,8/29/12,Sand,3,0,common,not present,50,200
2012,9,3,41.5708,-73.48862,8/29/12,Silt,3,0,common,not present,50,2
2012,9,3,41.4245,-73.45288,8/30/12,Muck,5,2,extremely abundant,uncommon,80,1.5
2012,9,3,41.5021,-73.45232,8/29/12,Silt,0,0,not present,not present,70,5.3
2012,9,3,41.4272,-73.45003,8/30/12,Silt,4,0,abundant,not present,80,3
2011,9,3,41.42762,-73.44931,9/13/11,Gravel,5,2,extremely abundant,uncommon,5,0.75
2012,9,3,41.5716,-73.44375,8/29/12,Silt,0,0,not present,not present,80,7
2011,9,3,41.57144,-73.44276,10/1/11,Rock,2,0,uncommon,not present,5,1.5
2011,9,3,41.51251,-73.4413,10/16/11,Rock,3,0,common,not present,50,2
2012,9,3,41.5122,-73.44124,8/29/12,Silt,2,0,uncommon,not present,80,3
2012,9,3,41.4803,-73.43558,8/29/12,Silt,4,0,abundant,not present,80,1.3
2012,9,3,41.4804,-73.43499,8/29/12,Silt,4,0,abundant,not present,30,2
2011,9,3,41.48043,-73.43498,10/24/11,Muck,4,0,abundant,not present,30,2
2011,9,3,41.47037,-73.43451,9/13/11,Muck,0,0,not present,not present,70,9.5
2012,9,4,41.5705,-73.48869,8/29/12,Silt,0,0,not present,not present,80,2.5
2012,9,4,41.5139,-73.45335,8/29/12,Muck,2,0,uncommon,not present,0,20
2012,9,4,41.51435,-73.45335,9/11/12,Muck,2,0,uncommon,not present,60,3
2012,9,4,41.5021,-73.45249,8/29/12,Silt,0,0,not present,not present,80,5
2012,9,4,41.5022,-73.45151,8/29/12,Sand,1,0,rare,not present,0,20
2011,9,4,41.42759,-73.44934,9/13/11,Gravel,5,2,extremely abundant,uncommon,10,1
2012,9,4,41.4276,-73.44931,8/30/12,Sand,3,0,common,not present,0,0.1
2011,9,4,41.57145,-73.44283,10/2/11,Gravel,4,0,abundant,not present,10,1.3
2012,9,4,41.5715,-73.44279,8/29/12,Sand,2,0,uncommon,not present,0,20
2011,9,4,41.51296,-73.4412,10/10/11,Rock,0,0,not present,not present,0,0.5
2012,9,4,41.5127,-73.44117,8/29/12,Sand,4,0,abundant,not present,30,1.8
2011,9,4,41.47027,-73.43514,9/13/11,Sand,0,0,not present,not present,20,2.1
2012,9,4,41.4703,-73.43502,8/30/12,Silt,0,0,not present,not present,20,4.2
2011,9,4,41.48051,-73.434607,10/21/11,Muck,0,0,not present,not present,5,0.5
2012,9,5,41.5145,-73.4534,8/29/12,Silt,0,0,not present,not present,70,3
2012,9,5,41.5141,-73.45338,8/29/12,Sand,5,0,extremely abundant,not present,20,180
2012,9,5,41.4238,-73.45255,8/30/12,Sand,3,0,common,not present,1,0.1
2012,9,5,41.5022,-73.45158,8/29/12,Sand,3,0,common,not present,5,1
2012,9,5,41.4276,-73.44938,8/30/12,Sand,4,2,abundant,uncommon,5,1.8
2011,9,5,41.57145,-73.44297,10/3/11,Gravel,4,0,abundant,not present,20,2.5
2012,9,5,41.5715,-73.44285,8/29/12,Sand,5,0,extremely abundant,not present,5,1
2011,9,5,41.51268,-73.4412,10/14/11,Rock,3,0,common,not present,30,1.7
2012,9,5,41.5129,-73.44118,8/29/12,Sand,4,0,abundant,not present,10,1.5
2011,9,5,41.48041,-73.4352,9/13/11,Muck,2,0,uncommon,not present,50,2
2012,9,5,41.4804,-73.43513,8/29/12,Silt,4,0,abundant,not present,40,2
2011,9,5,41.48051,-73.43461,10/20/11,Muck,4,2,abundant,uncommon,5,0.5
2011,9,5,41.44734,-73.42949,9/17/11,Muck,4,2,abundant,uncommon,0,0.3
2012,9,6,41.5146,-73.45346,8/29/12,Silt,0,0,not present,not present,80,5
2012,9,6,41.514,-73.45338,8/29/12,Muck,5,0,extremely abundant,not present,10,120
2012,9,6,41.4239,-73.45257,8/30/12,Muck,4,2,abundant,uncommon,5,40
2012,9,6,41.5022,-73.45164,8/29/12,Sand,4,2,abundant,uncommon,10,150
2012,9,6,41.4276,-73.44942,8/30/12,Sand,5,0,extremely abundant,not present,10,2.5
2011,9,6,41.57146,-73.44309,10/9/11,Silt,0,0,not present,not present,80,7.1
2012,9,6,41.5715,-73.44293,8/29/12,Gravel,5,0,extremely abundant,not present,10,2
2011,9,6,41.51287,-73.44121,10/12/11,Gravel,2,0,uncommon,not present,10,1.5
2012,9,6,41.5129,-73.44118,8/29/12,Sand,2,0,uncommon,not present,10,1
2011,9,6,41.47026,-73.43522,9/13/11,Muck,5,0,extremely abundant,not present,10,1.4
2012,9,6,41.4703,-73.43517,8/30/12,Silt,4,0,abundant,not present,10,2
2011,9,6,41.47037,-73.43464,9/13/11,Muck,0,0,not present,not present,60,9.4
2011,9,6,41.4473,-73.42953,9/13/11,Muck,2,0,uncommon,not present,5,1
2012,9,7,41.5144,-73.45351,8/29/12,Silt,2,0,uncommon,not present,60,200
2012,9,7,41.5141,-73.45341,8/29/12,Silt,4,0,abundant,not present,30,2
2012,9,7,41.4239,-73.45259,8/30/12,Muck,4,2,abundant,uncommon,10,0.8
2012,9,7,41.5022,-73.45176,8/29/12,Silt,4,0,abundant,not present,20,2
2012,9,7,41.4275,-73.44949,8/30/12,Sand,4,2,abundant,uncommon,20,3
2011,9,7,41.5714,-73.44309,10/4/11,Muck,4,0,abundant,not present,30,2.8
2012,9,7,41.5715,-73.44304,8/29/12,Rock,5,0,extremely abundant,not present,20,2
2011,9,7,41.51278,-73.44121,10/13/11,Rock,2,0,uncommon,not present,20,1.5
2012,9,7,41.5128,-73.44118,8/29/12,Sand,4,0,abundant,not present,20,1.6
2011,9,7,41.47027,-73.43529,9/13/11,Sand,2,0,uncommon,not present,5,0.5
2012,9,7,41.4803,-73.43522,8/29/12,Silt,4,0,abundant,not present,50,1.8
2011,9,7,41.48046,-73.43471,10/22/11,Muck,3,0,common,not present,10,1
2011,9,7,41.44727,-73.4296,9/13/11,Muck,2,0,uncommon,not present,10,1.1
2012,9,8,41.5712,-73.48836,8/29/12,Muck,2,0,uncommon,not present,0,0.2
2012,9,8,41.5142,-73.45342,8/29/12,Silt,4,0,abundant,not present,40,200
2012,9,8,41.424,-73.45263,8/30/12,Muck,4,2,abundant,uncommon,20,1
2012,9,8,41.5022,-73.45187,8/29/12,Silt,4,0,abundant,not present,30,2
2012,9,8,41.4275,-73.44958,8/30/12,Silt,5,2,extremely abundant,uncommon,30,3
2011,9,8,41.57148,-73.44319,10/5/11,Gravel,3,2,common,uncommon,40,4
2012,9,8,41.5715,-73.44318,8/29/12,Silt,4,0,abundant,not present,30,3
2011,9,8,41.51223,-73.44122,10/19/11,Silt,0,0,not present,not present,80,4.8
2012,9,8,41.5123,-73.44119,8/29/12,Silt,3,0,common,not present,70,3.5
2011,9,8,41.48032,-73.4353,9/14/11,Muck,3,1,common,rare,60,2.5
2012,9,8,41.4703,-73.43523,8/30/12,Sand,0,0,not present,not present,5,1
2011,9,8,41.47026,-73.43474,9/13/11,Muck,0,0,not present,not present,50,9.3
2011,9,8,41.44723,-73.42967,9/13/11,Muck,2,0,uncommon,not present,20,1.6
2012,9,9,41.5711,-73.4884,8/29/12,Muck,0,0,not present,not present,10,80
2012,9,9,41.4241,-73.45266,8/30/12,Muck,5,2,extremely abundant,uncommon,30,1.3
2012,9,9,41.5022,-73.45202,8/29/12,Silt,4,0,abundant,not present,40,2.8
2012,9,9,41.4274,-73.44971,8/30/12,Gravel,2,0,uncommon,not present,40,1.5
2011,9,9,41.57146,-73.44332,10/6/11,Silt,0,0,not present,not present,50,5.5
2012,9,9,41.5715,-73.44329,8/29/12,Silt,0,0,not present,not present,40,4.5
2012,9,9,41.5125,-73.4412,8/29/12,Sand,5,0,extremely abundant,not present,50,1.8
2011,9,9,41.97026,-73.43534,9/13/11,Sand,2,0,uncommon,not present,5,0.5
2012,9,9,41.4703,-73.43529,8/30/12,Gravel,2,0,uncommon,not present,0,0.2
2011,9,9,41.48046,-73.43483,10/23/11,Muck,2,0,uncommon,not present,20,1.6
2011,9,9,41.44718,-73.42982,9/13/11,Muck,2,0,uncommon,not present,30,1.4
2012,9,10,41.571,-73.48842,8/29/12,Muck,2,0,uncommon,not present,20,150
2012,9,10,41.5711,-73.48837,8/29/12,Muck,2,0,uncommon,not present,5,100
2012,9,10,41.4242,-73.4527,8/30/12,Muck,4,3,abundant,common,40,1.6
2012,9,10,41.5022,-73.45212,8/29/12,Silt,0,2,not present,uncommon,50,4
2012,9,10,41.4273,-73.4498,8/30/12,Gravel,2,0,uncommon,not present,50,1.6
2011,9,10,41.57141,-73.44341,10/7/11,Silt,0,0,not present,not present,60,6.2
2012,9,10,41.5716,-73.4434,8/29/12,Silt,0,0,not present,not present,50,5.5
2011,9,10,41.51242,-73.44125,10/17/11,Rock,3,0,common,not present,60,3
2012,9,10,41.5129,-73.44122,8/29/12,Sand,1,0,rare,not present,0,0.2
2011,9,10,41.48029,-73.43539,9/15/11,Muck,4,0,abundant,not present,70,2.1
2012,9,10,41.4803,-73.43533,8/29/12,Silt,4,0,abundant,not present,60,1.8
2011,9,10,41.47031,-73.43489,9/13/11,Muck,0,0,not present,not present,40,9
2011,9,10,41.44712,-73.42987,9/13/11,Muck,3,2,common,uncommon,40,0.8
2013,10,0,41.51257,-73.44114,8/20/13,Gravel,2,0,uncommon,not present,40,3.5
2013,10,1,41.57099,-73.48844,8/21'2013,Silt,2,0,uncommon,not present,30,2
2013,10,1,41.51389,-73.45337,8'20:2013,Muck,4,0,abundant,not present,5,0.5
2013,10,1,41.42428,-73.45268,8/20/13,Muck,0,2,not present,uncommon,50,1.6
2013,10,1,41.50203,-73.45232,8/20/13,Silt,0,0,not present,not present,70,4.9
2013,10,1,41.50216,-73.45155,8/20/13,Sand,1,0,rare,not present,5,0.5
2013,10,1,41.50213,-73.45149,8/20/13,Sand,0,0,not present,not present,0,0.1
2013,10,1,41.57141,-73.44346,8/20/13,Sand,0,0,not present,not present,60,5.4
2013,10,1,41.57148,-73.44273,8/20/13,Rock,0,0,not present,not present,0,0.1
2013,10,1,41.51268,-73.44115,8/20/13,Gravel,0,0,not present,not present,30,2.5
2013,10,1,41.47027,-73.43532,8/15/13,Gravel,0,0,not present,not present,0,0.2
2013,10,1,41.48046,-73.43501,8/20/13,Silt,0,0,not present,not present,30,1.7
2012,10,1,41.4805,-73.43464,8/29/12,Sand,2,0,uncommon,not present,0,0.5
2012,10,1,41.4703,-73.43458,8/30/12,Silt,0,0,not present,not present,60,8.8
2012,10,1,41.4473,-73.42961,8/30/12,Muck,2,2,uncommon,uncommon,10,0.8
2013,10,2,41.57105,-73.48839,8/21/13,Muck,2,0,uncommon,not present,20,1.1
2013,10,2,41.51401,-73.45338,8'20:2013,Silt,3,0,common,not present,20,1.2
2013,10,2,41.42417,-73.45269,8/20/13,Muck,0,2,not present,uncommon,40,1.5
2013,10,2,41.50202,-73.45245,8/20/13,Silt,0,0,not present,not present,80,5
2013,10,2,41.50213,-73.45162,8/20/13,Gravel,2,0,uncommon,not present,10,1.1
2013,10,2,41.4275,-73.44956,8/20/13,Sand,0,2,not present,uncommon,30,2.8
2013,10,2,41.57144,-73.44357,8/20/13,Silt,0,0,not present,not present,70,5.9
2013,10,2,41.57146,-73.44279,8/20/13,Gravel,1,0,rare,not present,5,0.8
2013,10,2,41.51225,-73.44115,8/20/13,Sand,0,0,not present,not present,80,5
2013,10,2,41.48041,-73.43536,8/20/13,Silt,0,0,not present,not present,60,2
2013,10,2,41.47027,-73.43507,8/15/13,Sand,0,0,not present,not present,20,4
2012,10,2,41.4703,-73.43467,8/30/12,Silt,0,0,not present,not present,50,8.8
2012,10,2,41.4703,-73.43443,8/30/12,Silt,0,0,not present,not present,70,9
2012,10,2,41.4473,-73.42957,8/30/12,Sand,4,2,abundant,uncommon,5,0.5
2013,10,3,41.57114,-73.48839,8'212013,Muck,0,0,not present,not present,10,0.7
2013,10,3,41.51456,-73.4534,8/20/13,Silt,0,0,not present,not present,80,4.8
2013,10,3,41.42436,-73.45274,8/20/13,Muck,2,2,uncommon,uncommon,60,1.5
2013,10,3,41.42382,-73.45253,8/20/13,Sand,0,0,not present,not present,0,0.1
2013,10,3,41.50207,-73.45184,8/20/13,Sand,2,0,uncommon,not present,30,2
2013,10,3,41.4275,-73.44974,8/20/13,Sand,0,0,not present,not present,40,1.7
2013,10,3,41.57138,-73.44372,8/20/13,Silt,0,0,not present,not present,80,7.4
2013,10,3,41.57148,-73.44285,8/20/13,Gravel,2,0,uncommon,not present,10,1
2013,10,3,41.51277,-73.44116,8/20/13,Sand,2,0,uncommon,not present,20,1.8
2013,10,3,41.48031,-73.43547,8/20/13,Silt,0,0,not present,not present,70,1.6
2013,10,3,41.48041,-73.43512,8/20/13,Silt,0,0,not present,not present,40,2.1
2012,10,3,41.4805,-73.43472,8/29/12,Sand,4,0,abundant,not present,5,1
2012,10,3,41.4703,-73.43432,8/30/12,Silt,0,0,not present,not present,80,9
2012,10,3,41.4474,-73.42952,8/30/12,Sand,3,2,common,uncommon,0,0.1
2013,10,4,41.57058,-73.48871,8/21/13,Silt,0,0,not present,not present,80,3.1
2013,10,4,41.57119,-73.48837,821'2013,Muck,2,0,uncommon,not present,5,0.6
2013,10,4,41.5141,-73.45341,8/20'2013,Silt,3,0,common,not present,30,1.6
2013,10,4,41.42442,-73.45281,8/20/13,Muck,2,2,uncommon,uncommon,70,1.4
2013,10,4,41.42386,-73.45256,8/20/13,Muck,2,2,uncommon,uncommon,5,0.4
2013,10,4,41.50213,-73.45174,8/20/13,Sand,0,0,not present,not present,20,1.5
2013,10,4,41.42747,-73.44986,8/20/13,Silt,0,2,not present,uncommon,50,2.5
2013,10,4,41.42767,-73.44932,8/22/13,Gravel,2,2,uncommon,uncommon,0,0.1
2013,10,4,41.57145,-73.44298,8/20/13,Sand,0,0,not present,not present,20,1.8
2013,10,4,41.51295,-73.44118,8/20/13,Gravel,0,0,not present,not present,0,0.2
2013,10,4,41.51293,-73.44113,8/20/13,Gravel,0,0,not present,not present,5,1
2013,10,4,41.48014,-73.43547,8/20/13,Sand,0,0,not present,not present,80,1.2
2013,10,4,41.47026,-73.4352,8/15/13,Sand,2,0,uncommon,not present,10,1.6
2012,10,4,41.4805,-73.43476,8/29/12,Sand,3,0,common,not present,10,1
2012,10,4,41.447,-73.42993,8/30/12,Muck,2,0,uncommon,not present,50,0.1
2013,10,5,41.57064,-73.48865,8/21:2013,Sand,0,0,not present,not present,70,2.9
2013,10,5,41.57124,-73.48836,8/21/13,Muck,2,0,uncommon,not present,0,0.2
2013,10,5,41.51447,-73.45342,8/20'2013,Silt,0,0,not present,not present,70,4
2013,10,5,41.4245,-73.45286,8/21/13,Muck,0,0,not present,not present,80,1.2
2013,10,5,41.4239,-73.45258,8/20/13,Muck,2,2,uncommon,uncommon,10,1
2013,10,5,41.50206,-73.45195,8/20/13,Sand,1,0,rare,not present,40,2.2
2013,10,5,41.42732,-73.44987,8/20/13,Silt,0,2,not present,uncommon,60,2.6
2013,10,5,41.42764,-73.44937,8/20/13,Sand,2,2,uncommon,uncommon,5,1
2013,10,5,41.57141,-73.44308,8/20/13,Rock,2,0,uncommon,not present,30,2.6
2013,10,5,41.51249,-73.44118,8/20/13,Gravel,0,0,not present,not present,50,3.5
2013,10,5,41.48036,-73.43523,8/20/13,Silt,0,0,not present,not present,50,2.1
2012,10,5,41.4703,-73.43479,8/30/12,Silt,0,0,not present,not present,40,8.8
2012,10,5,41.4471,-73.42985,8/30/12,Muck,5,3,extremely abundant,common,40,0.1
2013,10,6,41.57083,-73.4886,8/21/13,Silt,0,0,not present,not present,50,2.2
2013,10,6,41.51437,-73.45347,8'20:2013,Silt,2,0,uncommon,not present,60,2.9
2013,10,6,41.51428,-73.45342,8202013,Sand,0,0,not present,not present,50,2.2
2013,10,6,41.51383,-73.45336,8/20'2013,Muck,0,0,not present,not present,0,0.1
2013,10,6,41.42398,-73.4526,8/20/13,Muck,2,2,uncommon,uncommon,20,1
2013,10,6,41.50199,-73.45204,8/20/13,Sand,2,0,uncommon,not present,50,2.8
2013,10,6,41.42726,-73.44997,8/20/13,Sand,0,2,not present,uncommon,70,2.8
2013,10,6,41.42767,-73.44945,8/20/13,Sand,0,3,not present,common,10,2
2013,10,6,41.57141,-73.44321,8/20/13,Silt,0,0,not present,not present,40,3.8
2013,10,6,41.51238,-73.44119,8/20/13,Sand,2,2,uncommon,uncommon,60,3.8
2013,10,6,41.4703,-73.43527,8/15/13,Gravel,0,0,not present,not present,5,0.8
2012,10,6,41.4471,-73.42975,8/30/12,Muck,3,2,common,uncommon,30,0.8
2013,10,7,41.5709,-73.48851,8'212013,Silt,2,0,uncommon,not present,40,2
2013,10,7,41.51419,-73.45342,8/20/13,Silt,2,0,uncommon,not present,40,2
2013,10,7,41.51393,-73.45337,8/20/13,Muck,5,0,extremely abundant,not present,10,0.8
2013,10,7,41.42409,-73.45261,8/20/13,Muck,0,0,not present,not present,30,1.3
2013,10,7,41.50201,-73.45218,8/20/13,Sand,0,0,not present,not present,60,3.9
2013,10,7,41.42718,-73.45006,8/20/13,Silt,2,2,uncommon,uncommon,80,2.9
2013,10,7,41.42756,-73.44953,8/20/13,Silt,0,4,not present,abundant,20,2.5
2013,10,7,41.57145,-73.44334,8/20/13,Rock,0,0,not present,not present,50,5
2013,10,7,41.51231,-73.44122,8/20/13,Sand,2,0,uncommon,not present,70,4
2013,10,7,41.51286,-73.44115,8/20/13,Gravel,2,0,uncommon,not present,10,1.5
2012,10,7,41.4472,-73.42966,8/30/12,Sand,2,0,uncommon,not present,20,1.1
2013,11,1,41.47026,-73.43493,8/15/13,Silt,0,0,not present,not present,30,7.8
2013,11,2,41.48045,-73.43488,8/20/13,Sand,0,0,not present,not present,20,1.3
2013,11,3,41.47028,-73.43485,8/16/13,Silt,0,0,not present,not present,40,9
2013,11,4,41.47048,-73.43454,8/15/13,Silt,0,0,not present,not present,70,9.2
2013,11,5,41.47038,-73.43437,8/15/13,Silt,0,0,not present,not present,80,9.2
2013,11,6,41.4805,-73.43471,8/20/13,Sand,0,0,not present,not present,5,0.8
2013,11,7,41.48052,-73.43478,8/21/13,Sand,0,0,not present,not present,10,0.6
2013,11,7,41.4471,-73.42997,8/21/13,Sand,2,2,uncommon,uncommon,50,0.1
2013,11,8,41.47039,-73.4347,8/17/13,Silt,0,0,not present,not present,50,9
2013,11,8,41.44712,-73.42991,8/21/13,Sand,2,2,uncommon,uncommon,40,0.3
2013,11,9,41.48052,-73.43465,8/20/13,Sand,2,0,uncommon,not present,0,0.1
2013,11,9,41.44722,-73.42983,8/21/13,Sand,2,0,uncommon,not present,30,0.8
2013,11,10,41.47042,-73.4346,8/15/13,Silt,0,0,not present,not present,60,9.2
2013,11,10,41.44729,-73.42961,8/21/13,Sand,2,2,uncommon,uncommon,10,0.7
2013,11,11,41.44731,-73.42956,8/21/13,Sand,2,2,uncommon,uncommon,5,0.5
2013,11,12,41.44725,-73.42966,8/21/13,Silt,0,0,not present,not present,20,0.8
2014,12,1,41.47029,-73.43527,9/23/14,Sand,2,0,uncommon,not present,5,1.4
2014,12,2,41.50228,-73.45213,9/5/14,Silt,2,0,uncommon,not present,50,3.7
2014,12,3,41.51239,-73.4412,9/11/14,Silt,3,0,common,not present,60,4
2014,12,4,41.42732,-73.4499,9/19/14,Muck,4,2,abundant,uncommon,60,2.9
2014,12,5,41.59225,-73.45188,9/5/14,Silt,4,0,abundant,not present,30,2.4
2014,12,6,41.59228,-73.45198,9/5/14,Silt,4,0,abundant,not present,40,0
2013,12,7,41.44736,-73.42951,8/21/13,Sand,2,0,uncommon,not present,0,0.2
2014,13,1,41.57055,-73.48871,9/5/14,Silt,0,0,not present,not present,80,3.5
2014,13,2,41.57064,-73.48865,9/5/14,Silt,2,0,uncommon,not present,70,3.5
2014,13,3,41.57073,-73.48865,9/5/14,Silt,4,0,abundant,not present,60,3
2014,13,4,41.57081,-73.48859,9/5/14,Silt,3,0,common,not present,50,2.3
2014,13,5,41.5709,-73.48854,9/5/14,Silt,4,0,abundant,not present,40,2.2
2014,13,6,41.57097,-73.48849,9/5/14,Muck,5,0,extremely abundant,not present,30,2
2014,13,7,41.57105,-73.48841,9/5/14,Muck,5,0,extremely abundant,not present,20,2
2014,13,8,41.5712,-73.48841,9/5/14,Muck,2,0,uncommon,not present,5,1
2014,13,9,41.57112,-73.48838,9/5/14,Muck,0,0,not present,not present,10,2
2014,13,10,41.57124,-73.48835,9/5/14,Muck,2,0,uncommon,not present,0,0.5
2014,14,1,41.151441,-73.45342,9/5/14,Silt,0,0,not present,not present,80,3.5
2014,14,2,41.514,-73.45343,9/5/14,Sand,5,0,extremely abundant,not present,20,1.5
2014,14,3,41.51407,-73.45346,9/5/14,Sand,5,0,extremely abundant,not present,30,2
2014,14,4,41.51458,-73.45347,9/5/14,Silt,0,0,not present,not present,80,0
2014,14,5,41.151431,-73.45348,9/5/14,Silt,3,0,common,not present,50,2.5
2014,14,6,41.51447,-73.45349,9/5/14,Silt,0,0,not present,not present,70,4.5
2014,14,7,41.51417,-73.4535,9/5/14,Silt,4,0,abundant,not present,40,2.1
2014,14,8,41.42409,-73.4562,9/7/14,Muck,5,0,extremely abundant,not present,40,1.8
2014,14,9,41.42401,-73.4562,9/6/14,Muck,5,2,extremely abundant,uncommon,32,1.5
2014,14,10,41.42379,-73.46252,9/3/14,Muck,1,2,rare,uncommon,5,0.2
2014,15,1,41.50221,-73.45255,9/5/14,Silt,0,0,not present,not present,80,5.7
2014,15,2,41.42392,-73.45259,9/5/14,Sand,5,2,extremely abundant,uncommon,20,0.7
2014,15,4,41.4241,-73.45267,9/8/14,Muck,5,2,extremely abundant,uncommon,50,1.9
2014,15,5,41.42429,-73.45272,9/9/14,Muck,4,2,abundant,uncommon,60,1.9
2014,15,6,41.42436,-73.45277,9/10/14,Muck,5,0,extremely abundant,not present,70,1.9
2014,15,7,41.42444,-73.4528,9/11/14,Muck,4,1,abundant,rare,80,1.9
2014,15,8,41.51382,-73.4534,9/5/14,Muck,2,0,uncommon,not present,5,2
2014,15,9,41.51389,-73.45341,9/5/14,Muck,5,1,extremely abundant,rare,0,4
2014,15,10,41.51393,-73.45342,9/5/14,Sand,5,2,extremely abundant,uncommon,10,1
2014,16,1,41.42384,-73.45253,9/4/14,Sand,5,3,extremely abundant,common,10,0.5
2014,16,2,41.42374,-73.45248,9/2/14,Muck,0,2,not present,uncommon,5,0.2
2014,16,3,41.50226,-73.45233,9/5/14,Silt,0,0,not present,not present,79,5.8
2014,16,4,41.50219,-73.45226,9/5/14,Silt,0,0,not present,not present,60,5
2014,16,5,41.50221,-73.45175,9/5/14,Silt,2,0,uncommon,not present,20,1.8
2014,16,6,41.750221,-73.45158,9/5/14,Sand,3,0,common,not present,10,1.3
2014,16,7,41.42728,-73.44999,9/20/14,Muck,4,4,abundant,abundant,70,3
2014,16,8,41.50216,-73.45157,9/5/14,Sand,3,0,common,not present,5,1
2014,16,9,41.50219,-73.45151,9/5/14,Sand,0,0,not present,not present,5,2
2014,16,10,41.42719,-73.45011,9/21/14,Muck,4,1,abundant,rare,80,0.2
2014,17,1,41.42759,-73.44937,9/13/14,Sand,4,2,abundant,uncommon,5,0.5
2014,17,2,41.42757,-73.44944,9/14/14,Muck,0,2,not present,uncommon,10,2
2014,17,3,41.42753,-73.44944,9/15/14,Muck,3,4,common,abundant,20,3.2
2014,17,4,41.42745,-73.44959,9/16/14,Muck,4,3,abundant,common,30,3.4
2014,17,5,41.42739,-73.449700000000007,9/17/14,Muck,3,0,common,not present,40,2.1
2014,17,6,41.42738,-73.44978,9/18/14,Muck,2,2,uncommon,uncommon,50,1.3
2014,18,1,41.42762,-73.44926,9/12/14,Sand,1,2,rare,uncommon,5,0.2
2014,18,2,41.9715,-73.4437,9/11/14,Silt,0,0,not present,not present,80,4.3
2014,18,3,41.57155,-73.44358,9/11/14,Silt,0,0,not present,not present,70,6
2014,18,4,41.57149,-73.44344,9/11/14,Silt,0,0,not present,not present,60,5.3
2014,18,5,41.57148,-73.44336,9/11/14,Silt,0,0,not present,not present,50,5
2014,18,6,41.57146,-73.44319,9/11/14,Silt,4,0,abundant,not present,40,4
2014,18,7,41.57151,-73.44313,9/11/14,Silt,5,0,extremely abundant,not present,30,3.4
2014,18,8,41.57149,-73.443,9/11/14,Silt,5,0,extremely abundant,not present,20,2
2014,18,9,41.5715,-73.44288,9/11/14,Sand,5,0,extremely abundant,not present,19,1.5
2014,18,10,41.57149,-73.4428,9/11/14,Sand,3,0,common,not present,5,1
2014,19,1,41.57151,-73.44273,9/11/14,Rock,1,0,rare,not present,0,2
2014,19,2,41.51233,-73.4412,9/11/14,Silt,0,0,not present,not present,70,3.3
2014,19,3,41.51267,-73.44117,9/11/14,Gravel,4,0,abundant,not present,30,3
2014,19,4,41.51256,-73.44116,9/11/14,Sand,4,0,abundant,not present,40,4
2014,19,5,41.51283,-73.44116,9/11/14,Gravel,4,0,abundant,not present,10,1.5
2014,19,6,41.51243,-73.44115,9/11/14,Silt,3,0,common,not present,50,4
2014,19,7,41.51224,-73.44112,9/11/14,Silt,0,0,not present,not present,80,6
2014,19,8,41.51274,-73.44112,9/11/14,Gravel,3,0,common,not present,20,2.6
2014,19,9,41.51285,-73.44112,9/11/14,Gravel,4,0,abundant,not present,5,1.5
2014,19,10,41.51292,-73.44112,9/11/14,Sand,0,0,not present,not present,0,0.3
2014,20,1,41.48025,-73.43552,9/10/14,Muck,5,0,extremely abundant,not present,80,1.3
2014,20,2,41.4803,-73.43542,9/9/14,Muck,4,0,abundant,not present,70,1.9
2014,20,3,41.47027,-73.43534,9/22/14,Sand,0,0,not present,not present,5,0.8
2014,20,4,41.48035,-73.43529,9/8/14,Muck,4,1,abundant,rare,60,2.2
2014,20,5,41.47028,-73.43521,9/24/14,Sand,4,0,abundant,not present,10,5.2
2014,20,6,41.48037,-73.43518,9/7/14,Muck,0,0,not present,not present,30,2.4
2014,20,7,41.47031,-73.4351,9/25/14,Sand,1,0,rare,not present,20,8.1
2014,20,8,41.48041,-73.43509,9/2/14,Muck,0,0,not present,not present,40,2.2
2014,21,1,41.4703,-73.43499,9/26/14,Sand,0,0,not present,not present,30,9
2014,21,2,41.48043,-73.43495,9/2/14,Muck,5,0,extremely abundant,not present,30,2
2014,21,3,41.47032,-73.43488,9/2/14,Sand,0,0,not present,not present,40,9.2
2014,21,4,41.48046,-73.43487,9/2/14,Muck,5,0,extremely abundant,not present,20,1.3
2014,21,5,41.47032,-73.43476,9/2/14,Sand,0,0,not present,not present,NA,9.2
2014,21,6,41.48048,-73.43475,9/2/14,Muck,5,0,extremely abundant,not present,19,0.7
2014,21,7,41.7148047,-73.43468,9/2/14,Sand,3,0,common,not present,5,0.5
2014,21,8,41.47033,-73.43464,9/2/14,Sand,0,0,not present,not present,60,9.2
2014,21,9,41.4805,-73.43462,9/2/14,Sand,2,0,uncommon,not present,0,0.2
2014,21,10,41.47036,-73.43453,9/2/14,Sand,0,0,not present,not present,70,9.2
2015,22,1,41.57052,-73.48875,8/31/15,Sand,0,2,not present,uncommon,80,3.1
2014,22,2,41.44729,-73.42957,9/12/14,Sand,0,0,not present,not present,5,1
2015,22,3,41.57102,-73.48845,8/31/15,Muck,2,2,uncommon,uncommon,20,1.5
2014,22,4,41.44728,-73.4298,9/13/14,Silt,2,0,uncommon,not present,10,1.5
2014,22,5,41.44712,-73.42991,9/16/14,Muck,5,2,extremely abundant,uncommon,40,5
2014,22,6,41.44708,-73.42997,9/17/14,Muck,5,0,extremely abundant,not present,50,0.2
2014,22,7,41.44732,-73.4295,9/11/14,Sand,4,0,abundant,not present,5,2
2014,22,8,41.44725,-73.42974,9/14/14,Sand,2,0,uncommon,not present,20,1.8
2014,22,9,41.47039,-73.43442,9/2/14,Sand,0,0,not present,not present,80,0.5
2014,22,10,41.44716,-73.42981,9/15/14,Muck,2,2,uncommon,uncommon,30,1
2015,23,1,41.51228,-73.44124,9/8/15,Sand,4,0,abundant,not present,70,3.6
2015,23,2,41.57147,-73.44336,8/27/15,Silt,0,0,not present,not present,50,4.6
2015,23,3,41.42751,-73.44948,8/31/15,Sand,0,4,not present,abundant,20,2.5
2015,23,4,41.51466,-73.45248,8/27/15,Silt,0,0,not present,not present,40,4.7
2015,23,5,41.42398,-73.45265,8/31/15,Muck,4,3,abundant,common,20,1.3
2015,23,6,41.42425,-73.45273,8/31/15,Sand,4,0,abundant,not present,50,2
2015,23,7,41.51448,-73.45346,8/26/15,Silt,0,0,not present,not present,70,4
2015,24,1,41.51293,-73.4412,8/31/15,Gravel,2,0,uncommon,not present,0,0.5
2015,24,2,41.47027,-73.43532,8/27/15,Sand,2,0,uncommon,not present,0,0.2
2015,24,3,41.47027,-73.43508,8/27/15,Sand,0,0,not present,not present,20,4.5
2015,24,4,41.48044,-73.43462,9/10/15,Sand,2,0,uncommon,not present,0,0.2
2015,24,5,41.5712,-73.48934,8/31/15,Muck,2,2,uncommon,uncommon,5,0.2
2015,24,6,41.57063,-73.48873,8/31/15,Silt,2,0,uncommon,not present,70,3
2015,24,7,41.57078,-73.48866,8/31/15,Muck,2,0,uncommon,not present,50,2.5
2015,24,8,41.57067,-73.48863,8/31/15,Sand,2,3,uncommon,common,60,3
2015,24,9,41.57094,-73.48848,8/31/15,Muck,2,0,uncommon,not present,30,1.6
2015,24,10,41.57115,-73.48839,8/31/15,Muck,2,2,uncommon,uncommon,5,0.5
2015,25,1,41.51422,-73.45334,8/23/15,Muck,3,0,common,not present,40,1.8
2015,25,2,41.5142,-73.45337,8/22/15,Muck,3,0,common,not present,30,1.6
2015,25,3,41.51405,-73.45337,8/21/15,Muck,4,0,abundant,not present,26,1.2
2015,25,4,41.51385,-73.45338,9/3/15,Muck,3,0,common,not present,5,0.4
2015,25,5,41.51393,-73.45339,3/31/15,Muck,3,0,common,not present,19,0.8
2015,25,6,41.51382,-73.45339,9/2/15,Muck,0,0,not present,not present,5,0.2
2015,25,7,41.51429,-73.4534,8/24/15,Muck,3,0,common,not present,50,2
2015,25,8,41.51438,-73.45347,8/25/15,Silt,2,0,uncommon,not present,60,2.7
2015,25,9,41.44731,-73.47951,9/20/15,Sand,3,2,common,uncommon,0,0.2
2015,25,10,41.57112,-73.48838,6/31/2015,Muck,2,2,uncommon,uncommon,10,0.8
2015,26,1,41.50196,-73.45237,8/31/15,Silt,0,0,not present,not present,70,4.5
2015,26,2,41.42384,-73.45257,8/31/15,Sand,4,3,abundant,common,5,0.4
2015,26,3,41.50188,-73.45251,9/1/15,Silt,0,0,not present,not present,0,4.1
2015,26,4,41.42442,-73.45284,8/31/15,Silt,4,0,abundant,not present,70,2.1
2015,26,5,41.42388,-73.45259,8/31/15,Muck,4,4,abundant,abundant,10,0.8
2015,26,6,41.42407,-73.45266,8/31/15,Sand,4,2,abundant,uncommon,30,1.6
2015,26,7,41.4238,-73.45257,8/31/15,Muck,4,2,abundant,uncommon,0,0.2
2015,26,8,41.42431,-73.4528,8/31/15,Sand,4,0,abundant,not present,60,2
2015,26,9,41.42448,-73.45291,8/31/15,Silt,4,0,abundant,not present,0,2.1
2015,26,10,41.42414,-73.45271,8/31/15,Sand,4,2,abundant,uncommon,40,1.8
2015,27,1,41.42726,-73.44997,8/31/15,Silt,4,0,abundant,not present,70,2.6
2015,27,2,41.42722,-73.45013,8/31/15,Silt,4,0,abundant,not present,80,2.3
2015,27,3,41.50211,-73.45153,8/31/15,Sand,1,0,rare,not present,5,0.2
2015,27,4,41.50212,-73.4516,9/1/15,Sand,2,0,uncommon,not present,5,0.5
2015,27,5,41.50208,-73.45165,9/2/15,Sand,2,0,uncommon,not present,10,1
2015,27,6,41.50205,-73.45177,8/31/15,Sand,2,0,uncommon,not present,20,1.4
2015,27,7,41.5021,-73.4519,8/31/15,Sand,3,0,common,not present,30,1.8
2015,27,8,41.50199,-73.45202,8/31/15,Silt,4,0,abundant,not present,40,2.7
2015,27,9,41.50193,-73.45214,8/31/15,Silt,4,0,abundant,not present,50,2.8
2015,27,10,41.50195,-73.45226,9/21/15,Silt,2,0,uncommon,not present,60,4
2015,28,1,41.42743,-73.44971,8/31/15,Gravel,4,2,abundant,uncommon,40,1.5
2015,28,2,41.42746,-73.4496,8/31/15,Silt,4,3,abundant,common,30,2.8
2015,28,3,41.42736,-73.44979,8/31/15,Gravel,0,0,not present,not present,50,1.4
2015,28,4,41.42733,-73.44987,9/1/15,Silt,4,0,abundant,not present,60,2.3
2015,29,1,41.57142,-73.44346,8/28/15,Silt,0,0,not present,not present,60,5.3
2015,29,2,41.57163,-73.44357,8/29/15,Silt,0,0,not present,not present,70,5.9
2015,29,3,41.42763,-73.4493,8/31/15,Gravel,5,3,extremely abundant,common,5,0.2
2015,29,4,41.5714,-73.44368,8/30/15,Silt,0,0,not present,not present,80,6.7
2015,29,5,41.4276,-73.44935,8/31/15,Gravel,5,3,extremely abundant,common,5,1.3
2015,29,6,41.42756,-73.44936,8/31/15,Sand,4,3,abundant,common,10,2
2015,30,1,41.57146,-73.44321,8/27/15,Silt,3,0,common,not present,40,3.5
2015,30,2,41.57148,-73.44307,8/27/15,Sand,3,0,common,not present,30,2.5
2015,30,3,41.57146,-73.44298,8/29/15,Sand,2,0,uncommon,not present,20,1.8
2015,30,4,41.57147,-73.44285,8/28/15,Sand,2,0,uncommon,not present,10,1
2015,30,5,41.57146,-73.44277,8/29/15,Gravel,2,0,uncommon,not present,5,1
2015,30,6,41.57148,-73.44272,8/28/15,Gravel,2,1,uncommon,rare,0,0.2
2015,30,7,41.51238,-73.44123,9/7/15,Rock,4,0,abundant,not present,60,3
2015,30,8,41.51218,-73.44119,9/9/15,Silt,0,0,not present,not present,80,4.3
2015,30,9,41.51247,-73.44119,9/6/15,Sand,4,0,abundant,not present,50,2
2015,30,10,41.51253,-73.44119,9/5/15,Sand,4,0,abundant,not present,40,2
2015,31,1,41.51264,-73.44118,9/4/15,Sand,4,0,abundant,not present,30,2
2015,31,2,41.51283,-73.44117,9/2/15,Sand,0,0,not present,not present,10,1.5
2015,31,3,41.512848,-73.44116,9/1/15,Sand,2,0,uncommon,not present,5,1.2
2015,31,4,41.51277,-73.44115,9/3/15,Sand,4,0,abundant,not present,20,2
2015,32,1,41.48032,-73.43521,9/16/15,Sand,0,2,not present,uncommon,50,2.1
2015,32,2,41.48023,-73.43526,9/17/15,Sand,0,2,not present,uncommon,60,1.9
2015,32,3,41.47026,-73.43526,8/27/15,Sand,2,0,uncommon,not present,5,0.8
2015,32,4,41.46014,-73.43534,9/18/15,Sand,0,0,not present,not present,70,1.7
2015,32,5,41.48013,-73.43551,9/19/15,Sand,2,2,uncommon,uncommon,80,1.4
2015,32,6,41.57089,-73.43854,8/31/15,Muck,2,0,uncommon,not present,40,2
2015,33,1,41.47043,-73.43462,8/27/15,Silt,0,0,not present,not present,60,9.2
2015,33,2,41.48045,-73.43469,9/11/15,Sand,2,0,uncommon,not present,5,0.8
2015,33,3,41.47038,-73.43471,8/27/15,Silt,0,0,not present,not present,NA,9.2
2015,33,4,41.48048,-73.43472,9/12/15,Sand,2,0,uncommon,not present,10,1
2015,33,5,41.47034,-73.43484,8/27/15,Silt,0,0,not present,not present,40,9
2015,33,6,41.47034,-73.43495,8/27/15,Silt,0,0,not present,not present,30,8
2015,33,7,41.48043,-73.43486,9/13/15,Sand,2,0,uncommon,not present,20,1.5
2015,33,8,41.4804,-73.43496,9/14/15,Sand,0,0,not present,not present,30,1.7
2015,33,9,41.48036,-73.43508,9/15/15,Sand,0,0,not present,not present,40,2
2015,33,10,41.47027,-73.43518,8/27/15,Sand,0,0,not present,not present,10,2
2015,34,1,41.47051,-73.43452,8/27/15,Silt,0,0,not present,not present,70,9.2
2015,34,2,41.47052,-73.4344,8/27/15,Silt,0,0,not present,not present,80,9.2
2015,34,3,41.44706,-73.42997,9/5/15,Muck,3,2,common,uncommon,50,0.1
2015,34,4,41.44709,-73.42989,9/4/15,Sand,3,3,common,common,40,0.4
2015,34,5,41.44714,-73.4298,9/3/15,Sand,0,0,not present,not present,30,1
2015,35,1,41.44719,-73.42971,9/2/15,Sand,2,0,uncommon,not present,20,1.3
2015,35,2,41.44728,-73.42962,9/1/15,Sand,2,2,uncommon,uncommon,19,1
2015,35,3,41.44729,-73.42956,9/21/15,Sand,2,3,uncommon,common,5,0.6
2016,35,4,41.57055,-73.48871,9/2/16,Silt,2,3,uncommon,common,80,3
2016,35,5,41.57067,-73.48862,9/2/16,Muck,3,2,common,uncommon,70,2.5
2016,35,6,41.57073,-73.4886,9/2/16,Muck,3,2,common,uncommon,60,2
2016,35,7,41.57115,-73.48838,10/5/16,Muck,3,0,common,not present,10,0.8
2016,35,8,41.57081,-73.4886,9/2/16,Muck,3,0,common,not present,50,1.8
2016,35,9,41.57087,-73.48852,9/2/16,Muck,3,3,common,common,40,15
2016,35,10,41.57102,-73.48843,9/2/16,Muck,2,0,uncommon,not present,30,0.8
2016,36,1,41.5712,-73.48837,10/4/16,Muck,3,0,common,not present,5,0.8
2016,36,2,41.57121,-73.48836,10/3/16,Muck,3,2,common,uncommon,0,0.2
2016,36,3,41.57112,-73.48834,9/2/16,Muck,3,0,common,not present,20,0.8
2016,36,4,41.51392,-73.45341,9/2/16,Muck,3,0,common,not present,10,0.5
2016,36,5,41.51413,-73.45341,9/2/16,Silt,0,0,not present,not present,30,1.3
2016,36,6,41.51387,-73.45339,9/2/16,Muck,2,0,uncommon,not present,5,0.3
2016,36,7,41.5104,-73.45338,9/2/16,Muck,0,0,not present,not present,20,1
2016,36,8,41.51381,-73.45337,9/2/16,Muck,2,0,uncommon,not present,0,0.2
2016,36,9,41.51419,-73.45337,9/2/16,Silt,5,0,extremely abundant,not present,40,1.6
2016,37,1,41.51447,-73.45336,9/2/16,Silt,0,0,not present,not present,70,5
2016,37,2,41.51429,-73.45335,9/2/16,Silt,5,0,extremely abundant,not present,50,1.8
2016,37,3,41.51438,-73.45334,9/2/16,Silt,4,0,abundant,not present,60,2.7
2016,38,1,41.51457,-73.45333,9/2/16,Silt,0,0,not present,not present,80,5
2016,38,2,41.42455,-73.45294,9/12/16,Sand,4,2,abundant,uncommon,80,1.8
2016,38,3,41.42437,-73.45288,9/10/16,Sand,5,2,extremely abundant,uncommon,60,1.8
2016,38,4,41.42447,-73.45287,9/11/16,Sand,5,2,extremely abundant,uncommon,70,1.8
2016,38,5,41.42421,-73.45281,9/8/16,Sand,4,3,abundant,common,40,1.6
2016,38,6,41.42431,-73.45276,9/9/16,Sand,5,2,extremely abundant,uncommon,50,1.6
2016,39,1,41.42413,-73.45275,9/7/16,Sand,4,3,abundant,common,30,1
2016,39,2,41.42394,-73.45259,9/5/16,Sand,3,3,common,common,10,0.6
2016,39,3,41.42404,-73.45268,9/6/16,Sand,3,3,common,common,20,1
2016,39,4,41.4239,-73.45258,9/3/16,Sand,3,0,common,not present,0,0.2
2016,40,1,41.42393,-73.45258,9/4/16,Sand,3,2,common,uncommon,10,0.3
2016,40,2,41.50199,-73.45253,9/2/16,Silt,0,0,not present,not present,80,5.5
2016,40,3,41.50201,-73.4524,9/2/16,Silt,0,0,not present,not present,70,5.2
2016,40,4,41.50198,-73.45226,9/2/16,Silt,0,0,not present,not present,60,4.7
2016,40,5,41.50197,-73.45212,9/2/16,Silt,3,2,common,uncommon,50,3.5
2016,40,6,41.50198,-73.45203,9/2/16,Silt,4,0,abundant,not present,40,2.2
2016,40,7,41.50208,-73.45192,9/2/16,Silt,4,0,abundant,not present,30,1.4
2016,40,8,41.50209,-73.45184,9/2/16,Silt,4,0,abundant,not present,20,1.2
2016,40,9,41.50212,-73.45169,9/2/16,Sand,4,0,abundant,not present,10,1
2016,41,1,41.42721,-73.45017,9/22/16,Silt,3,2,common,uncommon,80,2.8
2016,41,2,41.42735,-73.44995,9/20/16,Gravel,3,2,common,uncommon,60,2.6
2016,41,3,41.42738,-73.44984,9/19/16,Gravel,3,2,common,uncommon,50,1
2016,41,4,41.4274,-73.44971,9/18/16,Gravel,2,0,uncommon,not present,40,1
2016,41,5,41.42731,-73.45005,9/21/16,Silt,3,2,common,uncommon,70,2.8
2016,41,6,41.50214,-73.45155,9/2/16,Sand,0,0,not present,not present,0,0.2
2016,41,7,41.50215,-73.45166,9/2/16,Sand,0,0,not present,not present,5,0.6
2016,42,1,41.42742,-73.44961,9/17/16,Silt,4,3,abundant,common,30,2.4
2016,42,2,41.42754,-73.44951,9/16/16,Silt,4,3,abundant,common,20,2.2
2016,42,3,41.42764,-73.44942,9/14/16,Sand,4,3,abundant,common,5,1.5
2016,42,4,41.42756,-73.4494,9/15/16,Silt,4,3,abundant,common,10,2
2016,42,5,41.42765,-73.44935,9/13/16,Muck,2,2,uncommon,uncommon,0,0.2
2016,42,6,41.5713,-73.44373,9/2/16,Silt,0,0,not present,not present,80,7.3
2016,43,1,41.57146,-73.44292,9/2/16,Sand,5,0,extremely abundant,not present,10,1.6
2016,43,2,41.57144,-73.44301,9/2/16,Silt,5,0,extremely abundant,not present,20,1.8
2016,43,3,41.57141,-73.44312,9/2/16,Silt,4,0,abundant,not present,30,2.4
2016,43,4,41.57139,-73.44326,9/2/16,Silt,4,3,abundant,common,40,3.3
2016,43,5,41.57138,-73.44337,9/2/16,Silt,0,0,not present,not present,50,4.5
2016,43,6,41.57136,-73.4435,9/2/16,Silt,0,0,not present,not present,60,5.2
2016,43,7,41.57132,-73.4436,9/2/16,Silt,0,0,not present,not present,70,6.1
2016,44,1,41.57146,-73.44281,9/2/16,Gravel,4,0,abundant,not present,0,0.6
2016,44,2,41.5124,-73.44122,9/2/16,Sand,4,0,abundant,not present,60,2
2016,44,3,41.51231,-73.4412,9/2/16,Silt,4,0,abundant,not present,70,3.6
2016,44,4,41.57148,-73.44279,9/2/16,Gravel,2,0,uncommon,not present,0,0.2
2016,44,5,41.51221,-73.4412,9/2/16,Silt,3,0,common,not present,80,3.4
2016,44,6,41.5129,-73.44119,9/2/16,Gravel,0,0,not present,not present,5,0.3
2016,44,7,41.51248,-73.44119,9/2/16,Gravel,4,0,abundant,not present,40,1.4
2016,44,8,41.51295,-73.44118,9/2/16,Gravel,0,0,not present,not present,0,0.3
2016,44,9,41.51258,-73.44117,9/2/16,Gravel,4,0,abundant,not present,40,1.4
2016,44,10,41.51286,-73.44116,9/2/16,Sand,3,0,common,not present,10,1.2
2016,45,1,41.51267,-73.44115,9/2/16,Sand,4,0,abundant,not present,30,1.4
2016,45,2,41.51277,-73.44113,9/2/16,Sand,4,0,abundant,not present,20,1.4
2016,45,3,41.48016,-73.43556,9/3/16,Sand,3,0,common,not present,80,0.7
2016,45,4,41.48016,-73.43544,9/3/16,Sand,5,0,extremely abundant,not present,70,1.7
2016,45,5,41.48036,-73.43539,9/3/16,Silt,3,0,common,not present,60,1.7
2016,46,1,41.47027,-73.43528,9/23/16,Gravel,2,0,uncommon,not present,0,0.2
2016,46,2,41.47024,-73.43522,9/24/16,Sand,2,0,uncommon,not present,5,1
2016,46,3,41.48036,-73.43523,9/3/16,Silt,3,2,common,uncommon,50,2
2016,46,4,41.47028,-73.43504,9/26/16,Silt,0,0,not present,not present,20,5
2016,46,5,41.48036,-73.43517,9/3/16,Silt,4,3,abundant,common,40,2
2016,46,6,41.4703,-73.43517,9/25/16,Sand,4,0,abundant,not present,10,1.4
2016,46,7,41.48043,-73.43491,9/3/16,Sand,5,0,extremely abundant,not present,20,0.8
2016,46,8,41.47031,-73.43497,9/27/16,Silt,0,0,not present,not present,30,5
2016,46,9,41.4804,-73.43504,9/3/16,Silt,4,0,abundant,not present,30,15
2016,46,10,41.47031,-73.43479,9/28/16,Silt,0,0,not present,not present,40,8.7
2016,47,1,41.48047,-73.43476,9/3/16,Sand,3,0,common,not present,10,0.8
2016,47,2,41.48044,-73.43474,9/3/16,Sand,3,0,common,not present,5,0.6
2016,47,3,41.47036,-73.4347,9/29/16,Silt,0,0,not present,not present,50,8.8
2016,47,4,41.48044,-73.43468,9/3/16,Sand,2,0,uncommon,not present,0,0.2
2016,47,5,41.47042,-73.43458,9/30/16,Silt,0,0,not present,not present,60,8.8
2016,47,6,41.47054,-73.43448,10/1/16,Silt,0,0,not present,not present,70,8.8
2016,47,7,41.47051,-73.4344,10/2/16,Silt,0,0,not present,not present,80,8
2017,48,1,41.57046,-73.48871,9/30/17,Silt,0,2,not present,uncommon,80,3.9
2017,48,2,41.57064,-73.48872,9/28/17,Silt,0,4,not present,abundant,60,3
2016,48,3,41.44728,-73.42946,9/3/16,Sand,2,2,uncommon,uncommon,0,0.1
2016,48,4,41.44726,-73.42955,9/3/16,Sand,2,2,uncommon,uncommon,10,0.3
2016,48,5,41.44727,-73.42959,9/3/16,Silt,2,2,uncommon,uncommon,10,0.4
2016,48,6,41.44722,-73.4297,9/3/16,Silt,2,2,uncommon,uncommon,20,0.7
2016,48,7,41.4472,-73.42977,9/3/16,Sand,2,2,uncommon,uncommon,30,0.8
2016,48,8,41.44713,-73.4299,9/3/16,Sand,2,3,uncommon,common,40,0.3
2016,48,9,41.44708,-73.42996,9/3/16,Sand,2,3,uncommon,common,50,0.1
2017,49,1,41.5711,-73.48841,9/23/17,Muck,1,1,rare,rare,10,1.2
2017,49,2,41.57123,-73.48843,9/21/17,Muck,2,2,uncommon,uncommon,0,0.3
2017,49,3,41.57097,-73.48849,9/24/17,Muck,2,1,uncommon,rare,20,1.6
2017,49,4,41.57091,-73.48852,9/25/17,Muck,0,3,not present,common,30,1.8
2017,49,5,41.57081,-73.48856,9/26/17,Silt,0,4,not present,abundant,40,2.1
2017,49,6,41.57072,-73.48864,9/27/17,Silt,0,4,not present,abundant,50,0
2017,49,7,41.57054,-73.4887,9/29/17,Silt,0,2,not present,uncommon,70,3.8
2017,50,1,41.57116,-73.48835,9/22/17,Muck,0,0,not present,not present,5,0.9
2017,50,2,41.51448,-73.45338,8/21/17,Silt,0,0,not present,not present,70,5.5
2017,50,3,41.51404,-73.45337,8/21/17,Muck,5,0,extremely abundant,not present,20,1.5
2017,50,4,41.51384,-73.45336,10/11/17,Muck,0,0,not present,not present,0,0.1
2017,51,1,41.5144,-73.45336,8/21/17,Silt,3,0,common,not present,60,4
2017,51,2,41.51433,-73.45336,8/21/17,Silt,4,0,abundant,not present,50,2.8
2017,51,3,41.51423,-73.45336,8/21/17,Silt,5,0,extremely abundant,not present,40,2.5
2017,51,4,41.51415,-73.45336,8/21/17,Silt,5,0,extremely abundant,not present,30,2
2017,52,1,41.42402,-73.45265,8/25/17,Muck,2,2,uncommon,uncommon,20,1.2
2017,52,2,41.42409,-73.45268,8/26/17,Muck,2,2,uncommon,uncommon,30,1.5
2017,52,3,41.42423,-73.45272,8/28/17,Muck,2,3,uncommon,common,50,2
2017,52,4,41.42416,-73.45272,8/27/17,Muck,2,3,uncommon,common,40,2
2017,52,5,41.42432,-73.45276,8/29/17,Muck,2,2,uncommon,uncommon,60,2
2017,52,6,41.4244,-73.45281,8/30/17,Muck,3,2,common,uncommon,70,1.5
2017,52,7,41.42448,-73.45288,8/31/17,Muck,3,2,common,uncommon,80,1.5
2017,52,8,41.51457,-73.45333,8/21/17,Silt,0,0,not present,not present,80,6.5
2017,52,9,41.51396,-73.45335,8/21/17,Muck,0,0,not present,not present,10,NA
2017,52,10,41.51388,-73.45335,8/21/17,Muck,3,0,common,not present,5,0.5
2017,53,1,41.42388,-73.45256,8/24/17,Sand,2,2,uncommon,uncommon,10,1
2017,53,2,41.42381,-73.45253,8/22/17,Muck,3,3,common,common,0,0.3
2017,53,3,41.42386,-73.45253,8/23/17,Sand,3,3,common,common,5,0.5
2017,53,4,41.50214,-73.45249,10/10/17,Silt,0,0,not present,not present,80,3.6
2017,54,1,41.50215,-73.45149,10/1/17,Sand,0,0,not present,not present,0,0.2
2017,54,2,41.50217,-73.4516,10/2/17,Sand,2,0,uncommon,not present,5,1
2017,54,3,41.50216,-73.45167,10/3/17,Sand,2,0,uncommon,not present,10,1.2
2017,54,4,41.50215,-73.45177,10/4/17,Sand,4,0,abundant,not present,20,2
2017,54,5,41.50217,-73.45188,10/5/17,Silt,4,0,abundant,not present,30,2.5
2017,54,6,41.5022,-73.452,10/6/17,Silt,3,0,common,not present,40,3.5
2017,54,7,41.50217,-73.45213,10/7/17,Silt,3,0,common,not present,50,4
2017,54,8,41.50212,-73.45224,10/8/17,Silt,0,0,not present,not present,60,5
2017,54,9,41.50212,-73.45237,10/9/17,Silt,0,0,not present,not present,70,6
2017,55,1,41.42714,-73.44988,9/9/17,Gravel,3,0,common,not present,70,2
2017,55,2,41.42722,-73.44978,9/8/17,Gravel,3,0,common,not present,60,2
2017,55,3,41.42712,-73.44999,9/10/17,Gravel,4,0,abundant,not present,80,1.6
2017,55,4,41.4273,-73.4498,9/7/17,Gravel,3,0,common,not present,50,3
2017,55,5,41.42739,-73.449700000000007,9/6/17,Gravel,3,2,common,uncommon,40,1.5
2017,56,1,41.42758,-73.4494,9/2/17,Sand,3,3,common,common,5,2
2017,56,2,41.42747,-73.44951,9/4/17,Silt,0,4,not present,abundant,20,2.5
2017,56,3,41.42744,-73.4496,9/5/17,Silt,3,3,common,common,30,3.3
2017,57,1,41.57145,-73.44335,8/21/17,Silt,0,3,not present,common,50,8
2017,57,2,41.57149,-73.44314,8/21/17,Silt,4,0,abundant,not present,30,3
2017,57,3,41.5714,-73.44346,8/21/17,Silt,0,0,not present,not present,60,8
2017,57,4,41.5715,-73.44286,8/21/17,Sand,0,0,not present,not present,10,2
2017,57,5,41.57146,-73.44319,8/21/17,Silt,0,3,not present,common,40,4.5
2017,57,6,41.5715,-73.44301,8/21/17,Sand,4,0,abundant,not present,20,2.2
2017,57,7,41.57141,-73.44359,8/21/17,Silt,0,0,not present,not present,70,0
2017,57,8,41.57135,-73.44374,8/21/17,Silt,0,0,not present,not present,80,10.3
2017,57,9,41.42767,-73.44931,9/1/17,Sand,0,0,not present,not present,0,0.2
2017,57,10,41.42757,-73.44939,9/3/17,Muck,3,3,common,common,10,2.6
2017,58,1,41.5715,-73.44276,8/21/17,Rock,0,0,not present,not present,5,0.8
2017,58,2,41.57152,-73.44274,8/21/17,Rock,0,0,not present,not present,0,0.2
2017,58,3,41.51223,-73.44135,8/21/17,Silt,3,0,common,not present,80,4
2017,58,4,41.51239,-73.44123,8/21/17,Sand,3,0,common,not present,60,2.8
2017,58,5,41.51249,-73.44121,8/21/17,Sand,3,0,common,not present,50,2.8
2017,58,6,41.51229,-73.4412,8/21/17,Silt,0,0,not present,not present,70,45
2017,58,7,41.51265,-73.44118,8/21/17,Sand,3,0,common,not present,30,2
2017,59,1,41.51289,-73.44118,8/21/17,Sand,0,0,not present,not present,5,1.3
2017,59,2,41.51259,-73.44116,8/21/17,Sand,3,0,common,not present,40,2
2017,59,3,41.51284,-73.44116,8/21/17,Sand,0,0,not present,not present,10,1.8
2017,59,4,41.51291,-73.44116,8/21/17,Sand,0,0,not present,not present,0,0.8
2017,59,5,41.51278,-73.44113,8/21/17,Sand,3,0,common,not present,20,2.5
2017,59,6,41.48029,-73.43557,8/21/17,Sand,0,0,not present,not present,80,1.7
2017,59,7,41.48028,-73.43542,8/21/17,Sand,0,0,not present,not present,70,2.2
2017,59,8,41.48035,-73.43534,8/21/17,Sand,0,3,not present,common,60,2.6
2017,60,1,41.48044,-73.43497,8/21/17,Sand,0,0,not present,not present,30,2.2
2017,60,2,41.48036,-73.43508,8/21/17,Sand,0,3,not present,common,40,2.5
2017,60,3,41.47028,-73.43508,9/14/17,Sand,0,0,not present,not present,20,5
2017,60,4,41.47026,-73.4352,9/13/17,Sand,2,0,uncommon,not present,10,1.4
2017,60,5,41.48031,-73.43521,8/21/17,Sand,0,3,not present,common,50,2.4
2017,60,6,41.47023,-73.43523,9/12/17,Sand,2,0,uncommon,not present,5,0.8
2017,60,7,41.47023,-73.43531,9/11/17,Sand,0,0,not present,not present,0,0.2
2017,61,1,41.48048,-73.43471,8/21/17,Sand,0,0,not present,not present,5,0.8
2017,61,2,41.47039,-73.43471,9/17/17,Silt,0,0,not present,not present,50,11
2017,61,3,41.48048,-73.43476,8/21/17,Sand,0,0,not present,not present,10,1
2017,61,4,41.47035,-73.4348,9/16/17,Silt,0,0,not present,not present,40,10
2017,61,5,41.48043,-73.43486,8/21/17,Sand,0,0,not present,not present,20,1.8
2017,61,6,41.47024,-73.4349,9/15/17,Silt,0,0,not present,not present,30,12
2017,62,1,41.44728,-73.42961,8/21/17,Sand,0,0,not present,not present,10,0.7
2017,62,2,41.44726,-73.42974,8/21/17,Sand,0,0,not present,not present,20,1.3
2017,62,3,41.44719,-73.42981,8/21/17,Sand,0,0,not present,not present,30,1
2017,62,4,41.44713,-73.42994,8/21/17,Sand,3,0,common,not present,40,0.7
2017,62,5,41.44711,-73.42997,8/22/17,Sand,3,0,common,not present,50,0.2
2017,62,6,41.47045,-73.43433,9/20/17,Silt,0,0,not present,not present,80,10
2017,62,7,41.47046,-73.43453,9/19/17,Silt,0,0,not present,not present,70,10
2017,62,8,41.47035,-73.4346,9/18/17,Silt,0,0,not present,not present,60,10
2017,62,9,41.48049,-73.43466,8/21/17,Sand,0,0,not present,not present,0,0.3
2018,63,1,41.5711,-73.48841,9/28/18,Muck,2,2,uncommon,uncommon,20,1.5
2018,63,2,41.57099,-73.48847,9/29/18,Muck,2,2,uncommon,uncommon,30,1.6
2018,63,3,41.57092,-73.48856,9/30/18,Muck,2,2,uncommon,uncommon,40,2
2018,63,4,41.57085,-73.4886,10/1/18,Muck,2,2,uncommon,uncommon,50,2
2018,63,5,41.57077,-73.48862,10/2/18,Muck,2,3,uncommon,common,60,2.5
2018,63,6,41.57069,-73.48874,10/3/18,Muck,2,3,uncommon,common,70,3
2018,63,7,41.57062,-73.48877,10/4/18,Muck,1,4,rare,abundant,80,0
2018,63,8,41.47022,-73.435,9/18/18,Silt,3,2,common,uncommon,20,4.4
2017,63,9,41.44734,-73.42954,8/21/17,Sand,0,0,not present,not present,0,0.2
2017,63,10,41.44735,-73.42957,8/21/17,Sand,0,0,not present,not present,5,0.5
2018,64,1,41.51388,-73.45333,8/29/18,Muck,2,0,uncommon,not present,10,1
2018,64,2,41.51426,-73.45334,8/29/18,Sand,3,0,common,not present,50,2.2
2018,64,3,41.57125,-73.48831,9/25/18,Muck,2,3,uncommon,common,0,0.3
2018,64,4,41.57124,-73.48834,9/26/18,Muck,2,3,uncommon,common,5,0.7
2018,64,5,41.57118,-73.48837,9/27/18,Muck,2,3,uncommon,common,10,1
2018,65,1,41.51398,-73.45331,8/29/18,Muck,3,0,common,not present,20,1.2
2018,65,2,41.51383,-73.45329,8/29/18,Muck,2,0,uncommon,not present,5,0.8
2018,65,3,41.51408,-73.45331,8/29/18,Muck,4,0,abundant,not present,30,1.8
2018,65,4,41.51416,-73.45329,8/29/18,Sand,3,0,common,not present,40,2.1
2018,65,5,41.51381,-73.45328,10/15/18,Muck,0,0,not present,not present,0,0.1
2018,66,1,41.42396,-73.45262,8/29/18,Silt,2,0,uncommon,not present,20,1.7
2018,66,2,41.42413,-73.4527,8/31/18,Silt,2,0,uncommon,not present,40,2
2018,66,3,41.42403,-73.45266,8/30/18,Silt,2,0,uncommon,not present,30,1.8
2018,66,4,41.42426,-73.45283,9/2/18,Silt,2,2,uncommon,uncommon,60,2.3
2018,66,5,41.42422,-73.45273,9/1/18,Silt,2,0,uncommon,not present,50,2.2
2018,66,6,41.42447,-73.45285,9/4/18,Silt,2,2,uncommon,uncommon,80,1.7
2018,66,7,41.42438,-73.45286,9/3/18,Gravel,2,0,uncommon,not present,70,1.7
2018,66,8,41.51443,-73.45324,8/29/18,Sand,2,0,uncommon,not present,70,3.5
2018,66,9,41.51454,-73.45328,8/29/18,Silt,0,0,not present,not present,80,5
2018,66,10,41.51435,-73.45328,8/29/18,Sand,3,0,common,not present,60,2.4
2018,67,1,41.42382,-73.45256,8/29/18,Muck,3,0,common,not present,5,0.5
2018,67,2,41.42389,-73.45255,8/29/18,Muck,2,0,uncommon,not present,10,1.2
2018,67,3,41.42378,-73.45251,8/29/18,Muck,0,0,not present,not present,0,0.2
2018,67,4,41.50184,-73.45245,10/14/18,Silt,3,0,common,not present,80,4
2018,67,5,41.50188,-73.4523,10/13/18,Silt,3,0,common,not present,70,4.8
2018,68,1,41.50204,-73.45158,10/6/18,Gravel,0,0,not present,not present,5,0.8
2018,68,2,41.50204,-73.45163,10/7/18,Sand,2,0,uncommon,not present,10,1.6
2018,68,3,41.50205,-73.45176,10/8/18,Sand,4,0,abundant,not present,20,2
2018,68,4,41.50203,-73.45188,10/9/18,Sand,4,0,abundant,not present,30,2
2018,68,5,41.50197,-73.452,10/10/18,Sand,4,0,abundant,not present,40,3
2018,68,6,41.50197,-73.45212,10/11/18,Silt,4,0,abundant,not present,50,4
2018,68,7,41.50193,-73.45221,10/12/18,Silt,3,0,common,not present,60,4.3
2018,69,1,41.50205,-73.45151,10/5/18,Gravel,0,0,not present,not present,0,0.3
2018,69,2,41.42706,-73.4499,9/14/18,Silt,4,0,abundant,not present,80,3.5
2018,69,3,41.42718,-73.44989,9/13/18,Silt,4,0,abundant,not present,70,3.5
2018,69,4,41.42721,-73.44976,9/12/18,Silt,4,2,abundant,uncommon,60,1.7
2018,69,5,41.42731,-73.44967,9/11/18,Silt,3,3,common,common,50,2.3
2018,70,1,41.57159,-73.44373,8/28/18,Silt,0,0,not present,not present,80,8
2018,70,2,41.42762,-73.44928,9/5/18,Rock,0,0,not present,not present,0,0.3
2018,70,3,41.42759,-73.44933,9/6/18,Sand,2,2,uncommon,uncommon,5,2
2018,70,4,41.42755,-73.44935,9/7/18,Sand,2,2,uncommon,uncommon,10,2.5
2018,70,5,41.42753,-73.44946,9/8/18,Silt,2,2,uncommon,uncommon,20,3.5
2018,70,6,41.42747,-73.44954,9/9/18,Silt,3,3,common,common,30,3.8
2018,70,7,41.42738,-73.44965,9/10/18,Silt,3,3,common,common,40,2.9
2018,71,1,41.57158,-73.44357,8/28/18,Silt,0,0,not present,not present,70,6.8
2018,71,2,41.57156,-73.44345,8/28/18,Silt,0,0,not present,not present,60,6
2018,71,3,41.57158,-73.44335,8/28/18,Silt,0,0,not present,not present,50,0.5
2018,71,4,41.57155,-73.44321,38/28/2018,Silt,4,0,abundant,not present,40,3.5
2018,71,5,41.57154,-73.44309,8/28/18,Silt,4,0,abundant,not present,30,3
2018,71,6,41.57153,-73.44297,8/28/18,Sand,4,0,abundant,not present,20,2.5
2018,71,7,41.57151,-73.44287,8/28/18,Rock,3,0,common,not present,10,1.7
2018,71,8,41.57152,-73.44281,8/28/18,Rock,2,0,uncommon,not present,5,1
2018,72,1,41.51276,-73.44119,8/28/18,Gravel,0,0,not present,not present,20,1.6
2018,72,2,41.51269,-73.44119,8/28/18,Gravel,3,0,common,not present,30,2
2018,72,3,41.51249,-73.4412,8/28/18,Gravel,3,0,common,not present,50,3.1
2018,72,4,41.51283,-73.44121,8/28/18,Gravel,2,0,uncommon,not present,10,1.6
2018,72,5,41.51221,-73.44124,8/28/18,Silt,3,0,common,not present,80,4
2018,72,6,41.51293,-73.44125,8/28/18,Sand,0,0,not present,not present,0,1
2018,72,7,41.5129,-73.44125,8/28/18,Gravel,0,0,not present,not present,5,0
2018,72,8,41.51238,-73.44125,8/28/18,Gravel,3,0,common,not present,60,2.6
2018,72,9,41.51229,-73.44127,8/28/18,Silt,3,0,common,not present,70,3.3
2018,72,10,41.57151,-73.44273,8/28/18,Rock,0,0,not present,not present,0,0.2
2018,73,1,41.51262,-73.44117,8/28/18,Silt,4,0,abundant,not present,40,2.2
2018,73,2,41.48034,-73.43554,8/28/18,Silt,1,0,rare,not present,80,0
2018,73,3,41.48036,-73.43545,8/28/18,Silt,2,0,uncommon,not present,70,2
2018,73,4,41.47021,-73.43531,9/15/18,Gravel,0,0,not present,not present,0,0.4
2018,74,1,41.48039,-73.43531,8/28/18,Silt,1,1,rare,rare,60,2.4
2018,74,2,41.47022,-73.43524,9/16/18,Gravel,2,0,uncommon,not present,5,1.2
2018,74,3,41.4804,-73.4352,8/28/18,Silt,1,0,rare,not present,50,2.5
2018,74,4,41.47022,-73.43517,9/17/18,Sand,3,0,common,not present,10,2
2018,74,5,41.48041,-73.43511,8/28/18,Silt,1,0,rare,not present,40,2.4
2018,74,6,41.4804,-73.43497,8/28/18,Silt,1,1,rare,rare,30,2
2018,74,7,41.47022,-73.43495,9/19/18,Silt,0,0,not present,not present,30,8
2018,74,8,41.4804,-73.43488,8/28/18,Sand,0,0,not present,not present,20,1.6
2018,74,9,41.47023,-73.43485,9/20/18,Silt,0,0,not present,not present,40,9.1
2018,74,10,41.4804,-73.43475,8/28/18,Sand,0,0,not present,not present,10,1.7
2018,75,1,41.44707,-73.42998,8/29/18,Sand,2,0,uncommon,not present,50,0.2
2018,75,2,41.47033,-73.43437,9/24/18,Silt,0,0,not present,not present,80,9.5
2018,75,3,41.47031,-73.43449,9/23/18,Silt,0,0,not present,not present,70,9.7
2018,75,4,41.47027,-73.43458,9/22/18,Silt,0,0,not present,not present,60,9.5
2018,75,5,41.48041,-73.43462,8/28/18,Sand,2,1,uncommon,rare,0,0.8
2018,75,6,41.48039,-73.43467,8/28/18,Sand,0,0,not present,not present,5,1.6
2018,75,7,41.47026,-73.43468,9/21/18,Silt,0,0,not present,not present,50,9.3
2019,76,1,41.5706,-73.48867,9/11/19,Muck,0,0,not present,not present,80,3.3
2019,76,2,41.51416,-73.49332,9/11/19,Muck,2,0,uncommon,not present,40,2.3
2019,76,3,41.51451,-73.49339,9/11/19,Muck,0,0,not present,not present,80,5
2018,76,4,41.44734,-73.4295,8/29/18,Sand,2,0,uncommon,not present,0,0.7
2018,76,5,41.44731,-73.42956,8/29/18,Sand,2,0,uncommon,not present,5,1.3
2018,76,6,41.44729,-73.42966,8/29/18,Sand,2,0,uncommon,not present,10,0
2018,76,7,41.44724,-73.42975,8/29/18,Sand,2,0,uncommon,not present,20,1.5
2018,76,8,41.44718,-73.42981,8/29/18,Sand,2,2,uncommon,uncommon,30,1.8
2018,76,9,41.44712,-73.42987,8/29/18,Sand,2,0,uncommon,not present,40,1
2019,77,1,41.57091,-73.48847,9/11/19,Muck,2,2,uncommon,uncommon,40,2.5
2019,77,2,41.57086,-73.48853,9/11/19,Muck,0,1,not present,rare,50,2.4
2019,77,3,41.57079,-73.48856,9/11/19,Muck,1,0,rare,not present,60,3
2019,77,4,41.57068,-73.48864,9/11/19,Muck,0,0,not present,not present,70,3
2019,77,5,41.571,-73.48847,9/11/19,Muck,2,1,uncommon,rare,30,1.5
2019,78,1,41.51382,-73.45331,9/11/19,Muck,1,1,rare,rare,5,0.4
2019,78,2,41.51386,-73.45332,9/11/19,Muck,2,0,uncommon,not present,10,1
2019,78,3,41.51395,-73.45331,9/11/19,Muck,2,0,uncommon,not present,20,1.3
2019,78,4,41.51379,-73.45331,9/11/19,Muck,0,0,not present,not present,0,2
2019,78,5,41.51405,-73.45332,9/11/19,Muck,2,2,uncommon,uncommon,30,1.4
2019,78,6,41.51425,-73.45334,9/11/19,Muck,3,0,common,not present,50,2.8
2019,78,7,41.57123,-73.48836,9/11/19,Muck,2,0,uncommon,not present,5,0.6
2019,78,8,41.57127,-73.48835,9/11/19,Muck,0,0,not present,not present,5,0.2
2019,78,9,41.57117,-73.48837,9/11/19,Muck,2,1,uncommon,rare,10,1
2019,78,10,41.57108,-73.48841,9/11/19,Muck,2,1,uncommon,rare,20,0
2019,79,1,41.42422,-73.45269,9/8/19,Sand,2,0,uncommon,not present,50,2.3
2019,79,2,41.42431,-73.45271,9/8/19,Sand,2,0,uncommon,not present,60,15
2019,79,3,41.42448,-73.45279,9/8/19,Sand,2,0,uncommon,not present,80,1.8
2019,79,4,41.42437,-73.4528,9/8/19,Sand,0,0,not present,not present,70,1.7
2019,79,5,41.51442,-73.4533,9/11/19,Muck,2,0,uncommon,not present,70,4.2
2019,80,1,41.42387,-73.45256,9/8/19,Sand,2,2,uncommon,uncommon,10,1
2019,80,2,41.42406,-73.45257,9/8/19,Sand,2,0,uncommon,not present,30,1.6
2019,80,3,41.42397,-73.45257,9/8/19,Sand,1,0,rare,not present,20,1.2
2019,80,4,41.42414,-73.45263,9/8/19,Sand,2,0,uncommon,not present,40,2
2019,81,1,41.50215,-73.4523,9/11/19,Silt,0,0,not present,not present,70,5.3
2019,81,2,41.42378,-73.4525,9/8/19,Sand,2,2,uncommon,uncommon,0,0.2
2019,81,3,41.50211,-73.45245,9/11/19,Silt,0,0,not present,not present,80,5.8
2019,81,4,41.42384,-73.45253,9/8/19,Sand,2,2,uncommon,uncommon,5,0.5
2019,82,1,41.50216,-73.45154,9/11/19,Sand,1,1,rare,rare,5,1
2019,82,2,41.50214,-73.45162,9/11/19,Sand,0,0,not present,not present,10,1.3
2019,82,3,41.50212,-73.45172,9/11/19,Sand,1,0,rare,not present,20,1.8
2019,82,4,41.50213,-73.45189,9/11/19,Gravel,1,0,rare,not present,30,2.5
2019,82,5,41.50213,-73.45198,9/11/19,Gravel,2,0,uncommon,not present,40,3
2019,82,6,41.50214,-73.45211,9/11/19,Silt,2,0,uncommon,not present,50,3.5
2019,82,7,41.50213,-73.4522,9/11/19,Silt,2,0,uncommon,not present,60,4.5
2019,83,1,41.42736,-73.4498,9/8/19,Gravel,1,2,rare,uncommon,50,2
2019,83,2,41.42728,-73.44996,9/8/19,Gravel,2,0,uncommon,not present,70,3.2
2019,83,3,41.42721,-73.45009,9/8/19,Gravel,2,0,uncommon,not present,80,3.2
2019,83,4,41.42736,-73.44992,9/8/19,Gravel,2,0,uncommon,not present,60,3
2019,83,5,41.50219,-73.45149,9/11/19,Sand,0,0,not present,not present,0,1
2019,84,1,41.57138,-73.44363,9/4/19,Muck,0,0,not present,not present,80,0
2019,84,2,41.42763,-73.44929,9/8/19,Sand,2,1,uncommon,rare,0,0.2
2019,84,3,41.42761,-73.44931,9/8/19,Sand,2,2,uncommon,uncommon,5,1.1
2019,84,4,41.4276,-73.44941,9/8/19,Sand,3,3,common,common,10,2.5
2019,84,5,41.42754,-73.44951,9/8/19,Muck,0,2,not present,uncommon,20,3.5
2019,84,6,41.4275,-73.44963,9/8/19,Muck,2,2,uncommon,uncommon,30,3.2
2019,84,7,41.42746,-73.44973,9/8/19,Muck,1,2,rare,uncommon,40,2
2019,85,1,41.57145,-73.44266,9/4/19,Sand,0,0,not present,not present,0,0.1
2019,85,2,41.57143,-73.44273,9/4/19,Sand,1,0,rare,not present,5,0.5
2019,85,3,41.57139,-73.44282,9/4/19,Muck,1,1,rare,rare,10,1
2019,85,4,41.5714,-73.44292,9/4/19,Muck,1,1,rare,rare,20,2
2019,85,5,41.57141,-73.44305,9/4/19,Muck,1,0,rare,not present,30,3
2019,85,6,41.57142,-73.44313,9/4/19,Muck,1,2,rare,uncommon,40,3.5
2019,85,7,41.57142,-73.44328,9/5/19,Muck,0,3,not present,common,50,4.5
2019,85,8,41.5714,-73.44341,9/4/19,Muck,0,0,not present,not present,60,5.6
2019,85,9,41.5714,-73.44353,9/4/19,Muck,0,0,not present,not present,70,6
2019,86,1,41.51269,-73.44114,9/8/19,Gravel,0,0,not present,not present,30,4
2019,86,2,41.91248,-73.44117,9/8/19,Gravel,3,0,common,not present,50,3.5
2019,86,3,41.51294,-73.44117,9/8/19,Sand,0,0,not present,not present,0,0.5
2019,86,4,41.51276,-73.44117,9/8/19,Gravel,2,0,uncommon,not present,20,2
2019,86,5,41.51257,-73.44118,9/8/19,Gravel,2,0,uncommon,not present,40,3
2019,86,6,41.51239,-73.44119,9/8/19,Gravel,3,0,common,not present,60,3.5
2019,86,7,41.51289,-73.44119,9/8/19,Sand,0,0,not present,not present,5,1.4
2019,86,8,41.51285,-73.4412,9/8/19,Sand,2,0,uncommon,not present,10,1.8
2019,86,9,41.51225,-73.44125,9/8/19,Gravel,3,0,common,not present,80,3.8
2019,86,10,41.51231,-73.44126,9/8/19,Gravel,3,0,common,not present,70,3.4
2019,87,1,41.48023,-73.43553,9/8/19,Sand,0,0,not present,not present,80,1.7
2019,87,2,41.48027,-73.43542,9/8/19,Sand,0,0,not present,not present,70,2
2019,87,3,41.47019,-73.43529,9/8/19,Sand,0,0,not present,not present,0,0.2
2019,87,4,41.48035,-73.43528,9/8/19,Sand,1,0,rare,not present,60,2.5
2019,87,5,41.47018,-73.43524,9/8/19,Sand,0,0,not present,not present,5,1
2019,87,6,41.48034,-73.4352,9/8/19,Sand,1,0,rare,not present,50,2.8
2019,87,7,41.4702,-73.43516,9/8/19,Sand,0,0,not present,not present,10,1.9
2019,87,8,41.48035,-73.4351,9/8/19,Sand,2,0,uncommon,not present,40,2.2
2019,87,9,41.47021,-73.43509,9/8/19,Sand,2,2,uncommon,uncommon,20,4.5
2019,87,10,41.48039,-73.43499,9/8/19,Sand,0,0,not present,not present,30,2.4
2019,88,1,41.47023,-73.43494,9/8/19,Silt,0,0,not present,not present,30,7
2019,88,2,41.48043,-73.43486,9/8/19,Sand,0,0,not present,not present,20,1.7
2019,88,3,41.47019,-73.43481,9/8/19,Silt,0,0,not present,not present,40,9
2019,88,4,41.48045,-73.43475,9/8/19,Sand,0,0,not present,not present,10,1.5
2019,88,5,41.47025,-73.43469,9/8/19,Silt,0,0,not present,not present,50,9.5
2019,88,6,41.48049,-73.43467,9/8/19,Sand,1,0,rare,not present,5,1
2019,88,7,41.48049,-73.43464,9/8/19,Sand,0,0,not present,not present,0,0.2
2019,88,8,41.47024,-73.43458,9/8/19,Silt,0,0,not present,not present,60,9.5
2019,88,9,41.47027,-73.43445,9/8/19,Silt,0,0,not present,not present,70,9.5
2019,88,10,41.47029,-73.43435,9/8/19,Silt,0,0,not present,not present,80,9.6
2019,89,1,41.44707,-73.42998,9/8/19,Muck,0,0,not present,not present,50,0.1
2019,89,2,41.44716,-73.4299,9/8/19,Muck,1,0,rare,not present,40,0.9
2019,89,3,41.44719,-73.4298,9/8/19,Muck,1,0,rare,not present,30,1.5
2019,89,4,41.44722,-73.42964,9/8/19,Muck,2,0,uncommon,not present,20,1.6
2019,89,5,41.4473,-73.42963,9/8/19,Muck,2,0,uncommon,not present,10,1
2019,89,6,41.44734,-73.42959,9/8/19,Sand,0,1,not present,rare,5,8
2019,89,7,41.44736,-73.42952,9/8/19,Sand,2,0,uncommon,not present,90,0.2
2020,90,1,41.57055,-73.4887,9/11/20,Muck,0,0,not present,not present,80,3.5
2020,90,2,41.57064,-73.48862,9/11/20,Muck,0,0,not present,not present,70,3.3
2020,90,3,41.57073,-73.48861,9/11/20,Muck,0,0,not present,not present,60,2.8
2020,91,1,41.5708,-73.48857,9/11/20,Muck,2,2,uncommon,uncommon,50,2.4
2020,91,2,41.57087,-73.48852,9/11/20,Muck,3,2,common,uncommon,40,1.9
2020,91,3,41.57098,-73.48851,9/11/20,Muck,3,2,common,uncommon,NA,1.8
2020,91,4,41.57105,-73.48845,9/11/20,Muck,2,2,uncommon,uncommon,20,1.5
2020,92,1,41.51406,-73.45333,9/17/20,Muck,3,2,common,uncommon,20,1.6
2020,92,2,41.51423,-73.45337,9/17/20,Sand,4,0,abundant,not present,NA,2
2020,92,3,41.51391,-73.45337,9/17/20,Muck,5,2,extremely abundant,uncommon,5,0.8
2020,92,4,41.5144,-73.45339,9/17/20,Sand,4,0,abundant,not present,60,2.8
2020,92,5,41.51458,-73.4534,9/17/20,Silt,0,0,not present,not present,80,5.8
2020,92,6,41.51432,-73.4534,9/17/20,Sand,4,0,abundant,not present,50,2.3
2020,92,7,41.51447,-73.45341,9/17/20,Silt,0,4,not present,abundant,70,4.6
2020,92,8,41.57123,-73.48835,9/11/20,Muck,3,2,common,uncommon,0,0.1
2020,92,9,41.57116,-73.48839,9/11/20,Muck,2,2,uncommon,uncommon,10,0.4
2020,92,10,41.57114,-73.48839,9/11/20,Muck,2,2,uncommon,uncommon,10,1
2020,93,1,41.51414,-73.45333,9/17/20,Muck,3,2,common,uncommon,30,1.8
2020,93,2,41.51397,-73.4533,9/17/20,Muck,4,0,abundant,not present,10,1
2020,93,3,41.51381,-73.45329,9/17/20,Muck,2,2,uncommon,uncommon,0,0.1
2020,93,4,41.42446,-73.45291,9/8/20,Muck,5,0,extremely abundant,not present,80,1.8
2020,93,5,41.4244,-73.45287,9/8/20,Muck,5,0,extremely abundant,not present,70,1.8
2020,93,6,41.42433,-73.45282,9/8/20,Muck,5,0,extremely abundant,not present,60,1.8
2020,93,7,41.42423,-73.4528,9/8/20,Muck,3,0,common,not present,50,1.8
2020,94,1,41.50212,-73.45236,9/17/20,Silt,2,0,uncommon,not present,70,5.2
2020,94,2,41.5021,-73.45246,9/17/20,Silt,1,0,rare,not present,80,5.5
2020,94,3,41.42378,-73.4526,9/8/20,Sand,3,0,common,not present,0,0.1
2020,94,4,41.42388,-73.45264,9/8/20,Muck,4,0,abundant,not present,10,0.5
2020,94,5,41.42396,-73.45267,9/8/20,Muck,5,0,extremely abundant,not present,20,0.6
2020,94,6,41.42383,-73.45262,9/8/20,Sand,4,0,abundant,not present,5,0.3
2020,94,7,41.42405,-73.45274,9/8/20,Muck,3,0,common,not present,30,1.5
2020,94,8,41.42414,-73.45277,9/8/20,Muck,3,0,common,not present,40,1.5
2020,95,1,41.5022,-73.4515,9/17/20,Sand,1,0,rare,not present,0,0.1
2020,95,2,41.50219,-73.45156,9/17/20,Sand,2,0,uncommon,not present,5,0.8
2020,95,3,41.50221,-73.45163,9/17/20,Sand,2,0,uncommon,not present,10,1
2020,95,4,41.50216,-73.45175,9/17/20,Sand,4,0,abundant,not present,20,1.8
2020,95,5,41.50216,-73.45185,9/17/20,Sand,4,0,abundant,not present,30,1.8
2020,95,6,41.50215,-73.45198,9/17/20,Sand,4,0,abundant,not present,40,2.3
2020,95,7,41.50215,-73.45209,9/17/20,Sand,4,0,abundant,not present,50,3
2020,95,8,41.5021,-73.45221,9/17/20,Silt,3,0,common,not present,60,5
2020,96,1,41.42763,-73.44928,9/8/20,Sand,0,0,not present,not present,0,0.1
2020,96,2,41.42758,-73.4493,9/8/20,Muck,0,0,not present,not present,5,0.2
2020,96,3,41.42746,-73.44944,9/8/20,Muck,3,0,common,not present,30,2.5
2020,96,4,41.42752,-73.44935,9/8/20,Muck,3,0,common,not present,10,1.2
2020,96,5,41.42741,-73.44953,9/8/20,Muck,3,0,common,not present,30,2.5
2020,96,6,41.42729,-73.44971,9/8/20,Muck,3,0,common,not present,50,2.5
2020,96,7,41.42738,-73.44966,9/8/20,Muck,4,0,abundant,not present,40,2.5
2020,96,8,41.42725,-73.4498,9/8/20,Muck,3,0,common,not present,60,2.5
2020,96,9,41.42715,-73.45,9/8/20,Muck,3,0,common,not present,80,2.8
2020,96,10,41.42719,-73.44992,9/8/20,Muck,3,0,common,not present,70,2.8
2020,97,1,41.57145,-73.44371,9/14/20,Silt,0,0,not present,not present,80,13.4
2020,97,2,41.57146,-73.44361,9/14/20,Silt,0,0,not present,not present,70,12.1
2020,97,3,41.57143,-73.44346,9/14/20,Silt,0,0,not present,not present,60,11.2
2020,98,1,41.5715,-73.44321,9/14/20,Silt,4,0,abundant,not present,40,3.7
2020,98,2,41.57153,-73.44314,9/14/20,Silt,4,0,abundant,not present,30,2.8
2020,98,3,41.57148,-73.44337,9/14/20,Silt,3,0,common,not present,50,5
2020,98,4,41.57151,-73.44298,9/14/20,Sand,4,2,abundant,uncommon,20,2.4
2020,98,5,41.57151,-73.44289,9/14/20,Sand,4,2,abundant,uncommon,10,1.5
2020,98,6,41.57151,-73.44283,9/14/20,Sand,4,2,abundant,uncommon,5,0.8
2020,98,7,41.57154,-73.44275,9/14/20,Sand,2,0,uncommon,not present,0,0.1
2020,98,8,41.51222,-73.44129,9/14/20,Silt,4,0,abundant,not present,80,4.6
2020,98,9,41.51291,-73.44121,9/14/20,Sand,0,0,not present,not present,5,0.2
2020,98,10,41.51232,-73.44123,9/14/20,Silt,4,0,abundant,not present,70,4.2
2020,99,1,41.51278,-73.44116,9/14/20,Sand,3,0,common,not present,20,2
2020,99,2,41.51285,-73.44119,9/14/20,Sand,3,0,common,not present,10,1.2
2020,99,3,41.5124,-73.44118,9/14/20,Silt,4,0,abundant,not present,60,4.2
2020,99,4,41.51294,-73.44121,9/14/20,Sand,0,0,not present,not present,0,0.2
2020,100,1,41.48039,-73.43546,9/14/20,Sand,4,0,abundant,not present,70,2
2020,100,2,41.48039,-73.43537,9/14/20,Sand,2,0,uncommon,not present,60,2.4
2020,100,3,41.47027,-73.4355,9/14/20,Sand,0,0,not present,not present,20,6.5
2020,100,4,41.51249,-73.44114,9/14/20,Silt,0,0,not present,not present,50,5.8
2020,100,5,41.48037,-73.43558,9/14/20,Sand,4,0,abundant,not present,80,1.7
2020,100,6,41.47031,-73.43523,9/14/20,Sand,4,0,abundant,not present,10,1.5
2020,100,7,41.47023,-73.43529,9/14/20,Gravel,1,0,rare,not present,0,0.1
2020,100,8,41.51259,-73.44113,9/14/20,Silt,4,0,abundant,not present,40,4.3
2020,100,9,41.51268,-73.44113,9/14/20,Silt,4,0,abundant,not present,30,3
2020,100,10,41.47027,-73.43526,9/14/20,Sand,2,0,uncommon,not present,5,1.2
2020,101,1,41.48037,-73.43523,9/14/20,Sand,2,0,uncommon,not present,50,2.4
2020,101,2,41.48041,-73.43513,9/14/20,Sand,2,0,uncommon,not present,40,2.4
2020,101,3,41.48046,-73.43502,9/14/20,Sand,1,0,rare,not present,30,2.1
2020,101,4,41.47028,-73.43494,9/14/20,Sand,0,0,not present,not present,30,9.8
2020,101,5,41.48046,-73.43489,9/14/20,Sand,3,0,common,not present,20,1.7
2020,102,1,41.47034,-73.43483,9/14/20,Sand,0,0,not present,not present,40,11.8
2020,103,1,41.48049,-73.43478,9/14/20,Sand,3,0,common,not present,10,1.4
2020,103,2,41.47039,-73.43472,9/14/20,Sand,0,0,not present,not present,30,10.8
2020,103,3,41.48048,-73.43471,9/14/20,Sand,2,0,uncommon,not present,5,0.8
2020,103,4,41.4805,-73.43465,9/14/20,Sand,2,0,uncommon,not present,0,0.1
2020,103,5,41.47045,-73.43463,9/14/20,Silt,0,0,not present,not present,60,12
2020,104,1,41.47047,-73.43452,9/14/20,Silt,0,0,not present,not present,70,12
2020,104,2,41.47052,-73.4344,9/14/20,Silt,0,0,not present,not present,80,11
2020,104,3,41.44715,-73.42992,9/14/20,Muck,5,0,extremely abundant,not present,40,0.2
2020,104,4,41.44722,-73.42982,9/14/20,Sand,3,0,common,not present,30,1.5
2020,105,1,41.281,-73.2639,9/18/20,Sand,0,0,not present,not present,0,0.2
2020,105,2,41.2942,-73.2642,9/20/20,Sand,0,0,not present,not present,0,0.2
2020,105,3,41.281,-73.2725,9/17/20,Sand,0,0,not present,not present,0,0.2
2020,105,4,41.2951,-73.2746,9/15/20,Sand,0,0,not present,not present,0,0.2
2020,105,5,41.2912,-73.2735,9/16/20,Sand,0,0,not present,not present,0,0.2
2020,105,6,41.281,-73.2626,9/19/20,Sand,0,0,not present,not present,0,0.2
2020,105,7,41.44736,-73.42952,9/14/20,Sand,5,0,extremely abundant,not present,0,0.2
2020,105,8,41.44734,-73.42959,9/14/20,Muck,3,0,common,not present,5,0.4
2020,105,9,41.44729,-73.42963,9/14/20,Muck,3,0,common,not present,10,1
2020,105,10,41.44725,-73.4297,9/14/20,Sand,3,0,common,not present,20,1.5
